name,size,sediaan,no_ie,prinsipal,indikasi,status,ref,link
ITRABAT,"DUS, 1 BOTOL © 100
ML",S1RUP,DTL9910904137A1,ITRASAL,OBAT BATUK ANAK DAN DEWASA,1,"Lampiran 1. Daftar Sirup Obat yang Tidak Menggunakan Propilen Glikol, Polietilen Glikol, Sorbitol, dan/atau Gliserin/Gliserol Aman Digunakan Sepanjang Sesuai Aturan Pakai Lampiran 1. Daftar Sirup Obat yang Tidak Menggunakan Propilen Glikol, Polietilen Glikol, Sorbitol, dan/atau Gliserin/Gliserol Aman Digunakan Sepanjang Sesuai Aturan Pakai (Berdasarkan Data Registrasi BPOM)",https://drive.google.com/file/d/1uQr3BGx9LCIwMN82mw8SM_gJBx4lPqml/view?usp=sharing
ALERFED,"DUS, 1 BOTOL © 60 ML",SIRUP,DTL9708007637A1,GUARDIAN PHARMATAMA,OBAT FLU ANAK DAN DEWASA,1,"Lampiran 1. Daftar Sirup Obat yang Tidak Menggunakan Propilen Glikol, Polietilen Glikol, Sorbitol, dan/atau Gliserin/Gliserol Aman Digunakan Sepanjang Sesuai Aturan Pakai Lampiran 1. Daftar Sirup Obat yang Tidak Menggunakan Propilen Glikol, Polietilen Glikol, Sorbitol, dan/atau Gliserin/Gliserol Aman Digunakan Sepanjang Sesuai Aturan Pakai (Berdasarkan Data Registrasi BPOM)",https://drive.google.com/file/d/1uQr3BGx9LCIwMN82mw8SM_gJBx4lPqml/view?usp=sharing
ALERGON,"DUS, 1 BOTOL PLASTIK
© 60 ML",SIRUP,DTL1413025037A1,KONIMEX,OBAT ALERGI ANAK DAN DEWASA,1,"Lampiran 1. Daftar Sirup Obat yang Tidak Menggunakan Propilen Glikol, Polietilen Glikol, Sorbitol, dan/atau Gliserin/Gliserol Aman Digunakan Sepanjang Sesuai Aturan Pakai Lampiran 1. Daftar Sirup Obat yang Tidak Menggunakan Propilen Glikol, Polietilen Glikol, Sorbitol, dan/atau Gliserin/Gliserol Aman Digunakan Sepanjang Sesuai Aturan Pakai (Berdasarkan Data Registrasi BPOM)",https://drive.google.com/file/d/1uQr3BGx9LCIwMN82mw8SM_gJBx4lPqml/view?usp=sharing
AMBROXOL HCL,BOTOL © 60 ML,SIRUP,GKL1106313037A1,"ERLANGGA EDI LABORATORIES
(ERELA)",OBAT BATUK ANAK DAN DEWASA,1,"Lampiran 1. Daftar Sirup Obat yang Tidak Menggunakan Propilen Glikol, Polietilen Glikol, Sorbitol, dan/atau Gliserin/Gliserol Aman Digunakan Sepanjang Sesuai Aturan Pakai Lampiran 1. Daftar Sirup Obat yang Tidak Menggunakan Propilen Glikol, Polietilen Glikol, Sorbitol, dan/atau Gliserin/Gliserol Aman Digunakan Sepanjang Sesuai Aturan Pakai (Berdasarkan Data Registrasi BPOM)",https://drive.google.com/file/d/1uQr3BGx9LCIwMN82mw8SM_gJBx4lPqml/view?usp=sharing
ASTEROL,"DUS, 1 BOTOL © 60 ML",SIRUP,DKL1915630737A1,MEPROFARM,OBAT ASMA ANAK DAN DEWASA,1,"Lampiran 1. Daftar Sirup Obat yang Tidak Menggunakan Propilen Glikol, Polietilen Glikol, Sorbitol, dan/atau Gliserin/Gliserol Aman Digunakan Sepanjang Sesuai Aturan Pakai Lampiran 1. Daftar Sirup Obat yang Tidak Menggunakan Propilen Glikol, Polietilen Glikol, Sorbitol, dan/atau Gliserin/Gliserol Aman Digunakan Sepanjang Sesuai Aturan Pakai (Berdasarkan Data Registrasi BPOM)",https://drive.google.com/file/d/1uQr3BGx9LCIwMN82mw8SM_gJBx4lPqml/view?usp=sharing
BATUKSIN,"DUS, BOTOL © 60 ML",SIRUP,DTL8711702037A1,KALIROTO,OBAT BATUK ANAK DAN DEWASA,1,"Lampiran 1. Daftar Sirup Obat yang Tidak Menggunakan Propilen Glikol, Polietilen Glikol, Sorbitol, dan/atau Gliserin/Gliserol Aman Digunakan Sepanjang Sesuai Aturan Pakai Lampiran 1. Daftar Sirup Obat yang Tidak Menggunakan Propilen Glikol, Polietilen Glikol, Sorbitol, dan/atau Gliserin/Gliserol Aman Digunakan Sepanjang Sesuai Aturan Pakai (Berdasarkan Data Registrasi BPOM)",https://drive.google.com/file/d/1uQr3BGx9LCIwMN82mw8SM_gJBx4lPqml/view?usp=sharing
B-DEX,"DUS, 1 BOTOL © 60 ML",SIRUP,DKL2043007237A1,"NULAB PHARMACEUTICAL
INDONESIA",OBAT ALERGI ANAK DAN DEWASA,1,"Lampiran 1. Daftar Sirup Obat yang Tidak Menggunakan Propilen Glikol, Polietilen Glikol, Sorbitol, dan/atau Gliserin/Gliserol Aman Digunakan Sepanjang Sesuai Aturan Pakai Lampiran 1. Daftar Sirup Obat yang Tidak Menggunakan Propilen Glikol, Polietilen Glikol, Sorbitol, dan/atau Gliserin/Gliserol Aman Digunakan Sepanjang Sesuai Aturan Pakai (Berdasarkan Data Registrasi BPOM)",https://drive.google.com/file/d/1uQr3BGx9LCIwMN82mw8SM_gJBx4lPqml/view?usp=sharing
BDM,"DUS, 1 BOTOL © 60 ML",SIRUP,DKL1943003410A1,"NULAB PHARMACEUTICAL
INDONESIA",OBAT ALERGI ANAK DAN DEWASA,1,"Lampiran 1. Daftar Sirup Obat yang Tidak Menggunakan Propilen Glikol, Polietilen Glikol, Sorbitol, dan/atau Gliserin/Gliserol Aman Digunakan Sepanjang Sesuai Aturan Pakai Lampiran 1. Daftar Sirup Obat yang Tidak Menggunakan Propilen Glikol, Polietilen Glikol, Sorbitol, dan/atau Gliserin/Gliserol Aman Digunakan Sepanjang Sesuai Aturan Pakai (Berdasarkan Data Registrasi BPOM)",https://drive.google.com/file/d/1uQr3BGx9LCIwMN82mw8SM_gJBx4lPqml/view?usp=sharing
BISOLVON,"DUS, 1 BOTOL @ 50 ML","LARUTAN i
CAIRAN",DTL1721206735A1,AVENTIS PHARMA,OBAT BATUK ANAK,1,"Lampiran 1. Daftar Sirup Obat yang Tidak Menggunakan Propilen Glikol, Polietilen Glikol, Sorbitol, dan/atau Gliserin/Gliserol Aman Digunakan Sepanjang Sesuai Aturan Pakai Lampiran 1. Daftar Sirup Obat yang Tidak Menggunakan Propilen Glikol, Polietilen Glikol, Sorbitol, dan/atau Gliserin/Gliserol Aman Digunakan Sepanjang Sesuai Aturan Pakai (Berdasarkan Data Registrasi BPOM)",https://drive.google.com/file/d/1uQr3BGx9LCIwMN82mw8SM_gJBx4lPqml/view?usp=sharing
BODREXIN PILEK & ALERGI,"DUS, BOTOL © 56 ML",SIRUP,DTL0822720337A1,TEMPO SCAN PACIFIC Tbk,OBAT FLU ANAK,1,"Lampiran 1. Daftar Sirup Obat yang Tidak Menggunakan Propilen Glikol, Polietilen Glikol, Sorbitol, dan/atau Gliserin/Gliserol Aman Digunakan Sepanjang Sesuai Aturan Pakai Lampiran 1. Daftar Sirup Obat yang Tidak Menggunakan Propilen Glikol, Polietilen Glikol, Sorbitol, dan/atau Gliserin/Gliserol Aman Digunakan Sepanjang Sesuai Aturan Pakai (Berdasarkan Data Registrasi BPOM)",https://drive.google.com/file/d/1uQr3BGx9LCIwMN82mw8SM_gJBx4lPqml/view?usp=sharing
BRONCHOLIT,"DUS, BOTOL @ 60 ML",SIRUP,DKL9017801537A1,NICHOLAS LAB INDONESIA,❑BAT BATUK ANAK DAN DEWASA,1,"Lampiran 1. Daftar Sirup Obat yang Tidak Menggunakan Propilen Glikol, Polietilen Glikol, Sorbitol, dan/atau Gliserin/Gliserol Aman Digunakan Sepanjang Sesuai Aturan Pakai Lampiran 1. Daftar Sirup Obat yang Tidak Menggunakan Propilen Glikol, Polietilen Glikol, Sorbitol, dan/atau Gliserin/Gliserol Aman Digunakan Sepanjang Sesuai Aturan Pakai (Berdasarkan Data Registrasi BPOM)",https://drive.google.com/file/d/1uQr3BGx9LCIwMN82mw8SM_gJBx4lPqml/view?usp=sharing
BUFABRON,"DUS, 1 BOTOL © 60 ML",SIRUP,DTL8800906837A1,BUFA ANEKA,OBAT ASMA ANAK DAN DEWASA,1,"Lampiran 1. Daftar Sirup Obat yang Tidak Menggunakan Propilen Glikol, Polietilen Glikol, Sorbitol, dan/atau Gliserin/Gliserol Aman Digunakan Sepanjang Sesuai Aturan Pakai Lampiran 1. Daftar Sirup Obat yang Tidak Menggunakan Propilen Glikol, Polietilen Glikol, Sorbitol, dan/atau Gliserin/Gliserol Aman Digunakan Sepanjang Sesuai Aturan Pakai (Berdasarkan Data Registrasi BPOM)",https://drive.google.com/file/d/1uQr3BGx9LCIwMN82mw8SM_gJBx4lPqml/view?usp=sharing
BUFAGAN EXPECTORANT,"DUS, 1 BOTOL © 60 ML",SIRUP,DTL7600914237A1,BUFA ANEKA,OBAT BATUK ANAK DAN DEWASA,1,"Lampiran 1. Daftar Sirup Obat yang Tidak Menggunakan Propilen Glikol, Polietilen Glikol, Sorbitol, dan/atau Gliserin/Gliserol Aman Digunakan Sepanjang Sesuai Aturan Pakai Lampiran 1. Daftar Sirup Obat yang Tidak Menggunakan Propilen Glikol, Polietilen Glikol, Sorbitol, dan/atau Gliserin/Gliserol Aman Digunakan Sepanjang Sesuai Aturan Pakai (Berdasarkan Data Registrasi BPOM)",https://drive.google.com/file/d/1uQr3BGx9LCIwMN82mw8SM_gJBx4lPqml/view?usp=sharing
CATAFLAM,"DUS, BOTOL PLASTIK
@ 15 ML",DROPS,DK10667504636A1,NOVARTIS INDONESIA,OBAT RADANG ANAK,1,"Lampiran 1. Daftar Sirup Obat yang Tidak Menggunakan Propilen Glikol, Polietilen Glikol, Sorbitol, dan/atau Gliserin/Gliserol Aman Digunakan Sepanjang Sesuai Aturan Pakai Lampiran 1. Daftar Sirup Obat yang Tidak Menggunakan Propilen Glikol, Polietilen Glikol, Sorbitol, dan/atau Gliserin/Gliserol Aman Digunakan Sepanjang Sesuai Aturan Pakai (Berdasarkan Data Registrasi BPOM)",https://drive.google.com/file/d/1uQr3BGx9LCIwMN82mw8SM_gJBx4lPqml/view?usp=sharing
CAZETIN,"DUS, 1 BOTOL @ 15 ML",DROPS,DKL0409214736A1,"IFARS PHARMACEUTICAL
LABORATORIES",ANTI JAMUR ANAK DAN DEWASA,1,"Lampiran 1. Daftar Sirup Obat yang Tidak Menggunakan Propilen Glikol, Polietilen Glikol, Sorbitol, dan/atau Gliserin/Gliserol Aman Digunakan Sepanjang Sesuai Aturan Pakai Lampiran 1. Daftar Sirup Obat yang Tidak Menggunakan Propilen Glikol, Polietilen Glikol, Sorbitol, dan/atau Gliserin/Gliserol Aman Digunakan Sepanjang Sesuai Aturan Pakai (Berdasarkan Data Registrasi BPOM)",https://drive.google.com/file/d/1uQr3BGx9LCIwMN82mw8SM_gJBx4lPqml/view?usp=sharing
CETIRIZINE DIHYDROCHLORIDE,BOTOL PLAMLS TIK © 60,SIRUP,GKL2034013437A1,NOVAPHARIN,OBAT ALERGI ANAK DAN DEWASA,1,"Lampiran 1. Daftar Sirup Obat yang Tidak Menggunakan Propilen Glikol, Polietilen Glikol, Sorbitol, dan/atau Gliserin/Gliserol Aman Digunakan Sepanjang Sesuai Aturan Pakai Lampiran 1. Daftar Sirup Obat yang Tidak Menggunakan Propilen Glikol, Polietilen Glikol, Sorbitol, dan/atau Gliserin/Gliserol Aman Digunakan Sepanjang Sesuai Aturan Pakai (Berdasarkan Data Registrasi BPOM)",https://drive.google.com/file/d/1uQr3BGx9LCIwMN82mw8SM_gJBx4lPqml/view?usp=sharing
CETZIN,"DUS, 1 BOTOL PLASTIK
© 60 ML",SIRUP,DKL1918217937A1,NUFARINDO,OBAT ALERGI ANAK DAN DEWASA,1,"Lampiran 1. Daftar Sirup Obat yang Tidak Menggunakan Propilen Glikol, Polietilen Glikol, Sorbitol, dan/atau Gliserin/Gliserol Aman Digunakan Sepanjang Sesuai Aturan Pakai Lampiran 1. Daftar Sirup Obat yang Tidak Menggunakan Propilen Glikol, Polietilen Glikol, Sorbitol, dan/atau Gliserin/Gliserol Aman Digunakan Sepanjang Sesuai Aturan Pakai (Berdasarkan Data Registrasi BPOM)",https://drive.google.com/file/d/1uQr3BGx9LCIwMN82mw8SM_gJBx4lPqml/view?usp=sharing
CHLORAMPHENICOL PALMITATE,BOTOL @ 60 ML,SUSPENSI,GKL1715626433A1,MEPROFARM,ANTIBIOTIKA ANAK DAN DEWASA,1,"Lampiran 1. Daftar Sirup Obat yang Tidak Menggunakan Propilen Glikol, Polietilen Glikol, Sorbitol, dan/atau Gliserin/Gliserol Aman Digunakan Sepanjang Sesuai Aturan Pakai Lampiran 1. Daftar Sirup Obat yang Tidak Menggunakan Propilen Glikol, Polietilen Glikol, Sorbitol, dan/atau Gliserin/Gliserol Aman Digunakan Sepanjang Sesuai Aturan Pakai (Berdasarkan Data Registrasi BPOM)",https://drive.google.com/file/d/1uQr3BGx9LCIwMN82mw8SM_gJBx4lPqml/view?usp=sharing
CHLORPHENAMINE MALEAT,"DUS, 1 BOTOL © 60 ML",SIRUP,GTL8127500337A1,YEKATRIA FARMA,❑BAT ALERGI ANAK,1,"Lampiran 1. Daftar Sirup Obat yang Tidak Menggunakan Propilen Glikol, Polietilen Glikol, Sorbitol, dan/atau Gliserin/Gliserol Aman Digunakan Sepanjang Sesuai Aturan Pakai Lampiran 1. Daftar Sirup Obat yang Tidak Menggunakan Propilen Glikol, Polietilen Glikol, Sorbitol, dan/atau Gliserin/Gliserol Aman Digunakan Sepanjang Sesuai Aturan Pakai (Berdasarkan Data Registrasi BPOM)",https://drive.google.com/file/d/1uQr3BGx9LCIwMN82mw8SM_gJBx4lPqml/view?usp=sharing
COHISTAN EXPECTORANT,"DUS, 1 BOTOL © 60 ML",SIRUP,DTL2004530137A1,DARYA-VARIA LABORATORIA TBK,OBAT BATUK ANAK DAN DEWASA,1,"Lampiran 1. Daftar Sirup Obat yang Tidak Menggunakan Propilen Glikol, Polietilen Glikol, Sorbitol, dan/atau Gliserin/Gliserol Aman Digunakan Sepanjang Sesuai Aturan Pakai Lampiran 1. Daftar Sirup Obat yang Tidak Menggunakan Propilen Glikol, Polietilen Glikol, Sorbitol, dan/atau Gliserin/Gliserol Aman Digunakan Sepanjang Sesuai Aturan Pakai (Berdasarkan Data Registrasi BPOM)",https://drive.google.com/file/d/1uQr3BGx9LCIwMN82mw8SM_gJBx4lPqml/view?usp=sharing
COHISTAN EXPECTORANT,"DUS, TOL © 100 
1 BOML",SIRUP,DTL2004530137A1,DARYA-VARIA LABORATORIA TBK,OBAT BATUK ANAK DAN DEWASA,1,"Lampiran 1. Daftar Sirup Obat yang Tidak Menggunakan Propilen Glikol, Polietilen Glikol, Sorbitol, dan/atau Gliserin/Gliserol Aman Digunakan Sepanjang Sesuai Aturan Pakai Lampiran 1. Daftar Sirup Obat yang Tidak Menggunakan Propilen Glikol, Polietilen Glikol, Sorbitol, dan/atau Gliserin/Gliserol Aman Digunakan Sepanjang Sesuai Aturan Pakai (Berdasarkan Data Registrasi BPOM)",https://drive.google.com/file/d/1uQr3BGx9LCIwMN82mw8SM_gJBx4lPqml/view?usp=sharing
COLFIN,"DUS,1 BOTOL PLASTIK
@ 60 ML",SIRUP,DTL8718202237A2,NUFARIND❑,"OBAT BATUK DAN FLU ANAK DAN
DEWASA",1,"Lampiran 1. Daftar Sirup Obat yang Tidak Menggunakan Propilen Glikol, Polietilen Glikol, Sorbitol, dan/atau Gliserin/Gliserol Aman Digunakan Sepanjang Sesuai Aturan Pakai Lampiran 1. Daftar Sirup Obat yang Tidak Menggunakan Propilen Glikol, Polietilen Glikol, Sorbitol, dan/atau Gliserin/Gliserol Aman Digunakan Sepanjang Sesuai Aturan Pakai (Berdasarkan Data Registrasi BPOM)",https://drive.google.com/file/d/1uQr3BGx9LCIwMN82mw8SM_gJBx4lPqml/view?usp=sharing
COLSANCETINE,"DUS, 1 BOTOL @ 60 ML",SUSPENSI,DKL7622200633A1,SANBE FARMA,ANTIBIOTIKA ANAK DAN DEWASA,1,"Lampiran 1. Daftar Sirup Obat yang Tidak Menggunakan Propilen Glikol, Polietilen Glikol, Sorbitol, dan/atau Gliserin/Gliserol Aman Digunakan Sepanjang Sesuai Aturan Pakai Lampiran 1. Daftar Sirup Obat yang Tidak Menggunakan Propilen Glikol, Polietilen Glikol, Sorbitol, dan/atau Gliserin/Gliserol Aman Digunakan Sepanjang Sesuai Aturan Pakai (Berdasarkan Data Registrasi BPOM)",https://drive.google.com/file/d/1uQr3BGx9LCIwMN82mw8SM_gJBx4lPqml/view?usp=sharing
COMBICITRINE,"DUS, BOTOL @ 10 
12 ML",SIRUP,DTL8710800637A1,BERL1CO MULIA FARMA,OBAT CACING ANAK DAN DEWASA,1,"Lampiran 1. Daftar Sirup Obat yang Tidak Menggunakan Propilen Glikol, Polietilen Glikol, Sorbitol, dan/atau Gliserin/Gliserol Aman Digunakan Sepanjang Sesuai Aturan Pakai Lampiran 1. Daftar Sirup Obat yang Tidak Menggunakan Propilen Glikol, Polietilen Glikol, Sorbitol, dan/atau Gliserin/Gliserol Aman Digunakan Sepanjang Sesuai Aturan Pakai (Berdasarkan Data Registrasi BPOM)",https://drive.google.com/file/d/1uQr3BGx9LCIwMN82mw8SM_gJBx4lPqml/view?usp=sharing
CONSTIPEN,"DUS, 1 BOTOLL@ 120
M",SIRUP,DBL0938200537A1,PHARMA HEALTH CARE,PENCAHAR ANAK DAN DEWASA,1,"Lampiran 1. Daftar Sirup Obat yang Tidak Menggunakan Propilen Glikol, Polietilen Glikol, Sorbitol, dan/atau Gliserin/Gliserol Aman Digunakan Sepanjang Sesuai Aturan Pakai Lampiran 1. Daftar Sirup Obat yang Tidak Menggunakan Propilen Glikol, Polietilen Glikol, Sorbitol, dan/atau Gliserin/Gliserol Aman Digunakan Sepanjang Sesuai Aturan Pakai (Berdasarkan Data Registrasi BPOM)",https://drive.google.com/file/d/1uQr3BGx9LCIwMN82mw8SM_gJBx4lPqml/view?usp=sharing
CONSTULOZ,"DUS, 1 BOTOL @ 120
ML",SIRUP,DBL1433530837A1,"NOVELL PHARMACEUTICAL
LABORATORIES",PENCAHAR DEWASA,1,"Lampiran 1. Daftar Sirup Obat yang Tidak Menggunakan Propilen Glikol, Polietilen Glikol, Sorbitol, dan/atau Gliserin/Gliserol Aman Digunakan Sepanjang Sesuai Aturan Pakai Lampiran 1. Daftar Sirup Obat yang Tidak Menggunakan Propilen Glikol, Polietilen Glikol, Sorbitol, dan/atau Gliserin/Gliserol Aman Digunakan Sepanjang Sesuai Aturan Pakai (Berdasarkan Data Registrasi BPOM)",https://drive.google.com/file/d/1uQr3BGx9LCIwMN82mw8SM_gJBx4lPqml/view?usp=sharing
COREDRYL EKSPEKTORAN,"DUS, OL © 100 1 B OT
ML",SIRUP,DTL9610700537A1,GLOBAL MULTI PHARMALAB,❑BAT BATUK ANAK DAN DEWASA,1,"Lampiran 1. Daftar Sirup Obat yang Tidak Menggunakan Propilen Glikol, Polietilen Glikol, Sorbitol, dan/atau Gliserin/Gliserol Aman Digunakan Sepanjang Sesuai Aturan Pakai Lampiran 1. Daftar Sirup Obat yang Tidak Menggunakan Propilen Glikol, Polietilen Glikol, Sorbitol, dan/atau Gliserin/Gliserol Aman Digunakan Sepanjang Sesuai Aturan Pakai (Berdasarkan Data Registrasi BPOM)",https://drive.google.com/file/d/1uQr3BGx9LCIwMN82mw8SM_gJBx4lPqml/view?usp=sharing
COTRIMOXAZOLE,"DUS, 1 BOTOL @ 60 ML",SUSPENSI,GKL1807922033A1,HARSEN,ANTIBIOTIKA ANAK,1,"Lampiran 1. Daftar Sirup Obat yang Tidak Menggunakan Propilen Glikol, Polietilen Glikol, Sorbitol, dan/atau Gliserin/Gliserol Aman Digunakan Sepanjang Sesuai Aturan Pakai Lampiran 1. Daftar Sirup Obat yang Tidak Menggunakan Propilen Glikol, Polietilen Glikol, Sorbitol, dan/atau Gliserin/Gliserol Aman Digunakan Sepanjang Sesuai Aturan Pakai (Berdasarkan Data Registrasi BPOM)",https://drive.google.com/file/d/1uQr3BGx9LCIwMN82mw8SM_gJBx4lPqml/view?usp=sharing
COTRIMOXAZOLE,"DUS, 1 BOTOL © 60 ML",SUSPENS1,GKL9817104933A1,HOLI PHARMA,ANTIBIOTIKA ANAK,1,"Lampiran 1. Daftar Sirup Obat yang Tidak Menggunakan Propilen Glikol, Polietilen Glikol, Sorbitol, dan/atau Gliserin/Gliserol Aman Digunakan Sepanjang Sesuai Aturan Pakai Lampiran 1. Daftar Sirup Obat yang Tidak Menggunakan Propilen Glikol, Polietilen Glikol, Sorbitol, dan/atau Gliserin/Gliserol Aman Digunakan Sepanjang Sesuai Aturan Pakai (Berdasarkan Data Registrasi BPOM)",https://drive.google.com/file/d/1uQr3BGx9LCIwMN82mw8SM_gJBx4lPqml/view?usp=sharing
DAMABEN,"DUS, BOTOL @ 10 ML",DROPS,DKL9622218836A1,SANBE FARMA,OBAT MUAL MUNTAH ANAK,1,"Lampiran 1. Daftar Sirup Obat yang Tidak Menggunakan Propilen Glikol, Polietilen Glikol, Sorbitol, dan/atau Gliserin/Gliserol Aman Digunakan Sepanjang Sesuai Aturan Pakai Lampiran 1. Daftar Sirup Obat yang Tidak Menggunakan Propilen Glikol, Polietilen Glikol, Sorbitol, dan/atau Gliserin/Gliserol Aman Digunakan Sepanjang Sesuai Aturan Pakai (Berdasarkan Data Registrasi BPOM)",https://drive.google.com/file/d/1uQr3BGx9LCIwMN82mw8SM_gJBx4lPqml/view?usp=sharing
DAMABEN,"DUS, ISI 1 BOTOL @ 60
ML",SIRUP,DKL9322215037A1,SANBE FARMA,"OBAT MUAL MUNTAH ANAK DAN
DEWASA",1,"Lampiran 1. Daftar Sirup Obat yang Tidak Menggunakan Propilen Glikol, Polietilen Glikol, Sorbitol, dan/atau Gliserin/Gliserol Aman Digunakan Sepanjang Sesuai Aturan Pakai Lampiran 1. Daftar Sirup Obat yang Tidak Menggunakan Propilen Glikol, Polietilen Glikol, Sorbitol, dan/atau Gliserin/Gliserol Aman Digunakan Sepanjang Sesuai Aturan Pakai (Berdasarkan Data Registrasi BPOM)",https://drive.google.com/file/d/1uQr3BGx9LCIwMN82mw8SM_gJBx4lPqml/view?usp=sharing
DARYAZINC,"DUS, BOTOL © 60 ML",SIRUP,DTL1204521037A1,DARYA-VARIA LABORATORIA TBK,OBAT DIARE ANAK,1,"Lampiran 1. Daftar Sirup Obat yang Tidak Menggunakan Propilen Glikol, Polietilen Glikol, Sorbitol, dan/atau Gliserin/Gliserol Aman Digunakan Sepanjang Sesuai Aturan Pakai Lampiran 1. Daftar Sirup Obat yang Tidak Menggunakan Propilen Glikol, Polietilen Glikol, Sorbitol, dan/atau Gliserin/Gliserol Aman Digunakan Sepanjang Sesuai Aturan Pakai (Berdasarkan Data Registrasi BPOM)",https://drive.google.com/file/d/1uQr3BGx9LCIwMN82mw8SM_gJBx4lPqml/view?usp=sharing
DARYAZINC,"DUS, 1 BOTOL © 15 ML",DROPS,DTL1204520936A1,DARYA-VARIA LABORATORIA TBK,OBAT DIARE ANAK,1,"Lampiran 1. Daftar Sirup Obat yang Tidak Menggunakan Propilen Glikol, Polietilen Glikol, Sorbitol, dan/atau Gliserin/Gliserol Aman Digunakan Sepanjang Sesuai Aturan Pakai Lampiran 1. Daftar Sirup Obat yang Tidak Menggunakan Propilen Glikol, Polietilen Glikol, Sorbitol, dan/atau Gliserin/Gliserol Aman Digunakan Sepanjang Sesuai Aturan Pakai (Berdasarkan Data Registrasi BPOM)",https://drive.google.com/file/d/1uQr3BGx9LCIwMN82mw8SM_gJBx4lPqml/view?usp=sharing
DECATRIM,"DUS, 1 BOTOL © 60 ML",SUSPENSI,DKL8507920133A1,HARSEN,ANTIBIOTIKA ANAK,1,"Lampiran 1. Daftar Sirup Obat yang Tidak Menggunakan Propilen Glikol, Polietilen Glikol, Sorbitol, dan/atau Gliserin/Gliserol Aman Digunakan Sepanjang Sesuai Aturan Pakai Lampiran 1. Daftar Sirup Obat yang Tidak Menggunakan Propilen Glikol, Polietilen Glikol, Sorbitol, dan/atau Gliserin/Gliserol Aman Digunakan Sepanjang Sesuai Aturan Pakai (Berdasarkan Data Registrasi BPOM)",https://drive.google.com/file/d/1uQr3BGx9LCIwMN82mw8SM_gJBx4lPqml/view?usp=sharing
DEF OBH,BOTOL @ 100 ML,SIRUP,DBL8504601037A1,"PABRIK PHARMASI ❑AN KIMIA
DASA ESA FARMA",OBAT BATUK ANAK DAN DEWASA,1,"Lampiran 1. Daftar Sirup Obat yang Tidak Menggunakan Propilen Glikol, Polietilen Glikol, Sorbitol, dan/atau Gliserin/Gliserol Aman Digunakan Sepanjang Sesuai Aturan Pakai Lampiran 1. Daftar Sirup Obat yang Tidak Menggunakan Propilen Glikol, Polietilen Glikol, Sorbitol, dan/atau Gliserin/Gliserol Aman Digunakan Sepanjang Sesuai Aturan Pakai (Berdasarkan Data Registrasi BPOM)",https://drive.google.com/file/d/1uQr3BGx9LCIwMN82mw8SM_gJBx4lPqml/view?usp=sharing
DEFERIPRONE,DUS' 1 B OT MLOL  © 250,CAIRAN ORAL,GKL2131548235A1,PRATAPA NIRMALA,CHELATING ANAK DAN DEWASA,1,"Lampiran 1. Daftar Sirup Obat yang Tidak Menggunakan Propilen Glikol, Polietilen Glikol, Sorbitol, dan/atau Gliserin/Gliserol Aman Digunakan Sepanjang Sesuai Aturan Pakai Lampiran 1. Daftar Sirup Obat yang Tidak Menggunakan Propilen Glikol, Polietilen Glikol, Sorbitol, dan/atau Gliserin/Gliserol Aman Digunakan Sepanjang Sesuai Aturan Pakai (Berdasarkan Data Registrasi BPOM)",https://drive.google.com/file/d/1uQr3BGx9LCIwMN82mw8SM_gJBx4lPqml/view?usp=sharing
DIAKIDS,"DUS, 1 BOTOL © 60 ML",SIRUP,DTL1802358037A1,BERNOFARM,OBAT DIARE ANAK,1,"Lampiran 1. Daftar Sirup Obat yang Tidak Menggunakan Propilen Glikol, Polietilen Glikol, Sorbitol, dan/atau Gliserin/Gliserol Aman Digunakan Sepanjang Sesuai Aturan Pakai Lampiran 1. Daftar Sirup Obat yang Tidak Menggunakan Propilen Glikol, Polietilen Glikol, Sorbitol, dan/atau Gliserin/Gliserol Aman Digunakan Sepanjang Sesuai Aturan Pakai (Berdasarkan Data Registrasi BPOM)",https://drive.google.com/file/d/1uQr3BGx9LCIwMN82mw8SM_gJBx4lPqml/view?usp=sharing
DOMINAL,"DUS, 1 BOTOL © 10 ML",DROPS,DKL0605513936A1,ACTAVIS INDONESIA,OBAT MUAL BAYI DAN ANAK,1,"Lampiran 1. Daftar Sirup Obat yang Tidak Menggunakan Propilen Glikol, Polietilen Glikol, Sorbitol, dan/atau Gliserin/Gliserol Aman Digunakan Sepanjang Sesuai Aturan Pakai Lampiran 1. Daftar Sirup Obat yang Tidak Menggunakan Propilen Glikol, Polietilen Glikol, Sorbitol, dan/atau Gliserin/Gliserol Aman Digunakan Sepanjang Sesuai Aturan Pakai (Berdasarkan Data Registrasi BPOM)",https://drive.google.com/file/d/1uQr3BGx9LCIwMN82mw8SM_gJBx4lPqml/view?usp=sharing
DOMINAL,"DUS, BOTOL © 60 ML",SIRUP,DKL0605514037A1,ACTAVIS INDONESIA,OBAT MUAL ANAK DAN DEWASA,1,"Lampiran 1. Daftar Sirup Obat yang Tidak Menggunakan Propilen Glikol, Polietilen Glikol, Sorbitol, dan/atau Gliserin/Gliserol Aman Digunakan Sepanjang Sesuai Aturan Pakai Lampiran 1. Daftar Sirup Obat yang Tidak Menggunakan Propilen Glikol, Polietilen Glikol, Sorbitol, dan/atau Gliserin/Gliserol Aman Digunakan Sepanjang Sesuai Aturan Pakai (Berdasarkan Data Registrasi BPOM)",https://drive.google.com/file/d/1uQr3BGx9LCIwMN82mw8SM_gJBx4lPqml/view?usp=sharing
DULCOLACTOL,"DUS, 1 BOTOL @ 60 ML",SIRUP,DBL1721207537A1,AVENTIS PHARMA,PENCAHAR ANAK DAN DEWASA,1,"Lampiran 1. Daftar Sirup Obat yang Tidak Menggunakan Propilen Glikol, Polietilen Glikol, Sorbitol, dan/atau Gliserin/Gliserol Aman Digunakan Sepanjang Sesuai Aturan Pakai Lampiran 1. Daftar Sirup Obat yang Tidak Menggunakan Propilen Glikol, Polietilen Glikol, Sorbitol, dan/atau Gliserin/Gliserol Aman Digunakan Sepanjang Sesuai Aturan Pakai (Berdasarkan Data Registrasi BPOM)",https://drive.google.com/file/d/1uQr3BGx9LCIwMN82mw8SM_gJBx4lPqml/view?usp=sharing
DUPHALAC,"DUS, 10 STICK © 15
ML",SIRUP,DB11381601737A2,ABBOTT INDONESIA,PENCAHAR ANAK DAN DEWASA,1,"Lampiran 1. Daftar Sirup Obat yang Tidak Menggunakan Propilen Glikol, Polietilen Glikol, Sorbitol, dan/atau Gliserin/Gliserol Aman Digunakan Sepanjang Sesuai Aturan Pakai Lampiran 1. Daftar Sirup Obat yang Tidak Menggunakan Propilen Glikol, Polietilen Glikol, Sorbitol, dan/atau Gliserin/Gliserol Aman Digunakan Sepanjang Sesuai Aturan Pakai (Berdasarkan Data Registrasi BPOM)",https://drive.google.com/file/d/1uQr3BGx9LCIwMN82mw8SM_gJBx4lPqml/view?usp=sharing
DUPHALAC,"DUS, 1 BOTOL PLASTIK
@ 120 ML",SIRUP,DBL2000207837A1,ABBOTT INDONESIA,PENCAHAR ANAK DAN DEWASA,1,"Lampiran 1. Daftar Sirup Obat yang Tidak Menggunakan Propilen Glikol, Polietilen Glikol, Sorbitol, dan/atau Gliserin/Gliserol Aman Digunakan Sepanjang Sesuai Aturan Pakai Lampiran 1. Daftar Sirup Obat yang Tidak Menggunakan Propilen Glikol, Polietilen Glikol, Sorbitol, dan/atau Gliserin/Gliserol Aman Digunakan Sepanjang Sesuai Aturan Pakai (Berdasarkan Data Registrasi BPOM)",https://drive.google.com/file/d/1uQr3BGx9LCIwMN82mw8SM_gJBx4lPqml/view?usp=sharing
DUPHALAC,"DUS, 1 BOTOL PLASTIK
@ 200 ML",SIRUP,DBL2000207837A1,ABBOTT INDONESIA,PENCAHAR ANAK DAN DEWASA,1,"Lampiran 1. Daftar Sirup Obat yang Tidak Menggunakan Propilen Glikol, Polietilen Glikol, Sorbitol, dan/atau Gliserin/Gliserol Aman Digunakan Sepanjang Sesuai Aturan Pakai Lampiran 1. Daftar Sirup Obat yang Tidak Menggunakan Propilen Glikol, Polietilen Glikol, Sorbitol, dan/atau Gliserin/Gliserol Aman Digunakan Sepanjang Sesuai Aturan Pakai (Berdasarkan Data Registrasi BPOM)",https://drive.google.com/file/d/1uQr3BGx9LCIwMN82mw8SM_gJBx4lPqml/view?usp=sharing
DUPHALAC,"DUS, 1 BOTOL PLASTIK
@ 45 ML",SIRUP,DBL2000207837A1,ABBOTT 1NDONESIA,PENCAHAR ANAK DAN DEWASA,1,"Lampiran 1. Daftar Sirup Obat yang Tidak Menggunakan Propilen Glikol, Polietilen Glikol, Sorbitol, dan/atau Gliserin/Gliserol Aman Digunakan Sepanjang Sesuai Aturan Pakai Lampiran 1. Daftar Sirup Obat yang Tidak Menggunakan Propilen Glikol, Polietilen Glikol, Sorbitol, dan/atau Gliserin/Gliserol Aman Digunakan Sepanjang Sesuai Aturan Pakai (Berdasarkan Data Registrasi BPOM)",https://drive.google.com/file/d/1uQr3BGx9LCIwMN82mw8SM_gJBx4lPqml/view?usp=sharing
DURAFER,"DUS, 1 BOTOL PLASTIK
© 250 ML",CAIRAN ORAL,DKL2231549235A1,PRATAPA NIRMALA,CHELATING ANAK DAN DEWASA,1,"Lampiran 1. Daftar Sirup Obat yang Tidak Menggunakan Propilen Glikol, Polietilen Glikol, Sorbitol, dan/atau Gliserin/Gliserol Aman Digunakan Sepanjang Sesuai Aturan Pakai Lampiran 1. Daftar Sirup Obat yang Tidak Menggunakan Propilen Glikol, Polietilen Glikol, Sorbitol, dan/atau Gliserin/Gliserol Aman Digunakan Sepanjang Sesuai Aturan Pakai (Berdasarkan Data Registrasi BPOM)",https://drive.google.com/file/d/1uQr3BGx9LCIwMN82mw8SM_gJBx4lPqml/view?usp=sharing
DYNALAX,"DUS, 1 BOTOL PLASTIK
© 60 ML",S1RUP,DBL1840404037A1,PRIMA MEDIKA LABORATORIES,PENCAHAR ANAK DAN DEWASA,1,"Lampiran 1. Daftar Sirup Obat yang Tidak Menggunakan Propilen Glikol, Polietilen Glikol, Sorbitol, dan/atau Gliserin/Gliserol Aman Digunakan Sepanjang Sesuai Aturan Pakai Lampiran 1. Daftar Sirup Obat yang Tidak Menggunakan Propilen Glikol, Polietilen Glikol, Sorbitol, dan/atau Gliserin/Gliserol Aman Digunakan Sepanjang Sesuai Aturan Pakai (Berdasarkan Data Registrasi BPOM)",https://drive.google.com/file/d/1uQr3BGx9LCIwMN82mw8SM_gJBx4lPqml/view?usp=sharing
EMKANADRYL DMP,"DUS, 1 BOTOL @ 100
ML",SIRUP,DTL1716604537A1,MUDITA KARUNA,"OBAT BATUK ❑ISERTAI ALERGI ANAK
DAN DEWASA",1,"Lampiran 1. Daftar Sirup Obat yang Tidak Menggunakan Propilen Glikol, Polietilen Glikol, Sorbitol, dan/atau Gliserin/Gliserol Aman Digunakan Sepanjang Sesuai Aturan Pakai Lampiran 1. Daftar Sirup Obat yang Tidak Menggunakan Propilen Glikol, Polietilen Glikol, Sorbitol, dan/atau Gliserin/Gliserol Aman Digunakan Sepanjang Sesuai Aturan Pakai (Berdasarkan Data Registrasi BPOM)",https://drive.google.com/file/d/1uQr3BGx9LCIwMN82mw8SM_gJBx4lPqml/view?usp=sharing
ERLAMYCETIN,"DUS, 1 BOTOL @ 60 ML",SUSPENSI,DKL7206312833A1,"ERLANGGA EDI LABORATORIES
(ERELA)",ANTIBIOTIKA ANAK DAN DEWASA,1,"Lampiran 1. Daftar Sirup Obat yang Tidak Menggunakan Propilen Glikol, Polietilen Glikol, Sorbitol, dan/atau Gliserin/Gliserol Aman Digunakan Sepanjang Sesuai Aturan Pakai Lampiran 1. Daftar Sirup Obat yang Tidak Menggunakan Propilen Glikol, Polietilen Glikol, Sorbitol, dan/atau Gliserin/Gliserol Aman Digunakan Sepanjang Sesuai Aturan Pakai (Berdasarkan Data Registrasi BPOM)",https://drive.google.com/file/d/1uQr3BGx9LCIwMN82mw8SM_gJBx4lPqml/view?usp=sharing
ERLAPECT,"DUS,1 BOTOL © 60 ML",SIRUP,DKL1106313137A1,"ERLANGGA EDI LABORATORIES
(ERELA)",OBAT BATUK ANAK,1,"Lampiran 1. Daftar Sirup Obat yang Tidak Menggunakan Propilen Glikol, Polietilen Glikol, Sorbitol, dan/atau Gliserin/Gliserol Aman Digunakan Sepanjang Sesuai Aturan Pakai Lampiran 1. Daftar Sirup Obat yang Tidak Menggunakan Propilen Glikol, Polietilen Glikol, Sorbitol, dan/atau Gliserin/Gliserol Aman Digunakan Sepanjang Sesuai Aturan Pakai (Berdasarkan Data Registrasi BPOM)",https://drive.google.com/file/d/1uQr3BGx9LCIwMN82mw8SM_gJBx4lPqml/view?usp=sharing
EXTRALAC,"DUS, 1 BOTOL © 60 ML",SIRUP,DBL2044401437A1,"KIMIA FARMA TBK,",PENCAHAR ANAK DAN DEWASA,1,"Lampiran 1. Daftar Sirup Obat yang Tidak Menggunakan Propilen Glikol, Polietilen Glikol, Sorbitol, dan/atau Gliserin/Gliserol Aman Digunakan Sepanjang Sesuai Aturan Pakai Lampiran 1. Daftar Sirup Obat yang Tidak Menggunakan Propilen Glikol, Polietilen Glikol, Sorbitol, dan/atau Gliserin/Gliserol Aman Digunakan Sepanjang Sesuai Aturan Pakai (Berdasarkan Data Registrasi BPOM)",https://drive.google.com/file/d/1uQr3BGx9LCIwMN82mw8SM_gJBx4lPqml/view?usp=sharing
EXTROPECT,"DUS, 1 BOTOL © 60 ML",SIRUP,DKL9608006137A1,GUARDIAN PHARMATAMA,OBAT BATUK ANAK,1,"Lampiran 1. Daftar Sirup Obat yang Tidak Menggunakan Propilen Glikol, Polietilen Glikol, Sorbitol, dan/atau Gliserin/Gliserol Aman Digunakan Sepanjang Sesuai Aturan Pakai Lampiran 1. Daftar Sirup Obat yang Tidak Menggunakan Propilen Glikol, Polietilen Glikol, Sorbitol, dan/atau Gliserin/Gliserol Aman Digunakan Sepanjang Sesuai Aturan Pakai (Berdasarkan Data Registrasi BPOM)",https://drive.google.com/file/d/1uQr3BGx9LCIwMN82mw8SM_gJBx4lPqml/view?usp=sharing
FLAGYL,"DUS, 1 BOTOL © 60 ML",SUSPENSI,DKL0121200933A1,AVENTIS PHARMA,ANTIBIOTIKA ANAK DAN DEWASA,1,"Lampiran 1. Daftar Sirup Obat yang Tidak Menggunakan Propilen Glikol, Polietilen Glikol, Sorbitol, dan/atau Gliserin/Gliserol Aman Digunakan Sepanjang Sesuai Aturan Pakai Lampiran 1. Daftar Sirup Obat yang Tidak Menggunakan Propilen Glikol, Polietilen Glikol, Sorbitol, dan/atau Gliserin/Gliserol Aman Digunakan Sepanjang Sesuai Aturan Pakai (Berdasarkan Data Registrasi BPOM)",https://drive.google.com/file/d/1uQr3BGx9LCIwMN82mw8SM_gJBx4lPqml/view?usp=sharing
GARKENE,"DUS, 1 BOMLTOL © 120",SIRUP,DKL1908026437A1,GUARDIAN PHARMATAMA,OBAT EPILEPSI ANAK DAN DEWASA,1,"Lampiran 1. Daftar Sirup Obat yang Tidak Menggunakan Propilen Glikol, Polietilen Glikol, Sorbitol, dan/atau Gliserin/Gliserol Aman Digunakan Sepanjang Sesuai Aturan Pakai Lampiran 1. Daftar Sirup Obat yang Tidak Menggunakan Propilen Glikol, Polietilen Glikol, Sorbitol, dan/atau Gliserin/Gliserol Aman Digunakan Sepanjang Sesuai Aturan Pakai (Berdasarkan Data Registrasi BPOM)",https://drive.google.com/file/d/1uQr3BGx9LCIwMN82mw8SM_gJBx4lPqml/view?usp=sharing
GIGADRYL,"DUS, 1 BOTOL @ 60 ML",SIRUP,DTL0033401237A1,SOLAS LANGGENG SEJAHTERA,OBAT BATUK ANAK DAN DEWASA,1,"Lampiran 1. Daftar Sirup Obat yang Tidak Menggunakan Propilen Glikol, Polietilen Glikol, Sorbitol, dan/atau Gliserin/Gliserol Aman Digunakan Sepanjang Sesuai Aturan Pakai Lampiran 1. Daftar Sirup Obat yang Tidak Menggunakan Propilen Glikol, Polietilen Glikol, Sorbitol, dan/atau Gliserin/Gliserol Aman Digunakan Sepanjang Sesuai Aturan Pakai (Berdasarkan Data Registrasi BPOM)",https://drive.google.com/file/d/1uQr3BGx9LCIwMN82mw8SM_gJBx4lPqml/view?usp=sharing
GITRI,"DUS, 1 BOTOL @ 60 ML",SUSPENSI,DKL9817105533A1,HOLI PHARMA,ANTIBIOTIKA ANAK,1,"Lampiran 1. Daftar Sirup Obat yang Tidak Menggunakan Propilen Glikol, Polietilen Glikol, Sorbitol, dan/atau Gliserin/Gliserol Aman Digunakan Sepanjang Sesuai Aturan Pakai Lampiran 1. Daftar Sirup Obat yang Tidak Menggunakan Propilen Glikol, Polietilen Glikol, Sorbitol, dan/atau Gliserin/Gliserol Aman Digunakan Sepanjang Sesuai Aturan Pakai (Berdasarkan Data Registrasi BPOM)",https://drive.google.com/file/d/1uQr3BGx9LCIwMN82mw8SM_gJBx4lPqml/view?usp=sharing
GLISEND EXPECTORANT,"DUS, 1 BOTOL © 60 ML",SIRUP,DKL1613025937A1,KONIMEX,OBAT BATUK ANAK DAN DEWASA,1,"Lampiran 1. Daftar Sirup Obat yang Tidak Menggunakan Propilen Glikol, Polietilen Glikol, Sorbitol, dan/atau Gliserin/Gliserol Aman Digunakan Sepanjang Sesuai Aturan Pakai Lampiran 1. Daftar Sirup Obat yang Tidak Menggunakan Propilen Glikol, Polietilen Glikol, Sorbitol, dan/atau Gliserin/Gliserol Aman Digunakan Sepanjang Sesuai Aturan Pakai (Berdasarkan Data Registrasi BPOM)",https://drive.google.com/file/d/1uQr3BGx9LCIwMN82mw8SM_gJBx4lPqml/view?usp=sharing
GRAFAZOL,"DUS, 1 BOTOL © 60 ML",SUSPENSI,DKL1931117233A1,GRAHA FARMA,ANTIBIOTIKA ANAK DAN DEWASA,1,"Lampiran 1. Daftar Sirup Obat yang Tidak Menggunakan Propilen Glikol, Polietilen Glikol, Sorbitol, dan/atau Gliserin/Gliserol Aman Digunakan Sepanjang Sesuai Aturan Pakai Lampiran 1. Daftar Sirup Obat yang Tidak Menggunakan Propilen Glikol, Polietilen Glikol, Sorbitol, dan/atau Gliserin/Gliserol Aman Digunakan Sepanjang Sesuai Aturan Pakai (Berdasarkan Data Registrasi BPOM)",https://drive.google.com/file/d/1uQr3BGx9LCIwMN82mw8SM_gJBx4lPqml/view?usp=sharing
GRAPHALAC,"DUS, OL @ 120 1 BO T
ML",SIRUP,DBL1235307737A1,GRACIA PHARMINDO,PENCAHAR ANAK DAN DEWASA,1,"Lampiran 1. Daftar Sirup Obat yang Tidak Menggunakan Propilen Glikol, Polietilen Glikol, Sorbitol, dan/atau Gliserin/Gliserol Aman Digunakan Sepanjang Sesuai Aturan Pakai Lampiran 1. Daftar Sirup Obat yang Tidak Menggunakan Propilen Glikol, Polietilen Glikol, Sorbitol, dan/atau Gliserin/Gliserol Aman Digunakan Sepanjang Sesuai Aturan Pakai (Berdasarkan Data Registrasi BPOM)",https://drive.google.com/file/d/1uQr3BGx9LCIwMN82mw8SM_gJBx4lPqml/view?usp=sharing
GUANISTREP,"DUS, BOTOL © 60 ML",SUSPENSI,DBL7210906233A1,ITRASAL,OBAT DIARE ANAK DAN DEWASA,1,"Lampiran 1. Daftar Sirup Obat yang Tidak Menggunakan Propilen Glikol, Polietilen Glikol, Sorbitol, dan/atau Gliserin/Gliserol Aman Digunakan Sepanjang Sesuai Aturan Pakai Lampiran 1. Daftar Sirup Obat yang Tidak Menggunakan Propilen Glikol, Polietilen Glikol, Sorbitol, dan/atau Gliserin/Gliserol Aman Digunakan Sepanjang Sesuai Aturan Pakai (Berdasarkan Data Registrasi BPOM)",https://drive.google.com/file/d/1uQr3BGx9LCIwMN82mw8SM_gJBx4lPqml/view?usp=sharing
HISLOREX,"DUS, 1 BOTOL PLASTIK
© 60 ML",SIRUP,DKL1413025037A1,KONIMEX,OBAT ALERGI ANAK DAN DEWASA,1,"Lampiran 1. Daftar Sirup Obat yang Tidak Menggunakan Propilen Glikol, Polietilen Glikol, Sorbitol, dan/atau Gliserin/Gliserol Aman Digunakan Sepanjang Sesuai Aturan Pakai Lampiran 1. Daftar Sirup Obat yang Tidak Menggunakan Propilen Glikol, Polietilen Glikol, Sorbitol, dan/atau Gliserin/Gliserol Aman Digunakan Sepanjang Sesuai Aturan Pakai (Berdasarkan Data Registrasi BPOM)",https://drive.google.com/file/d/1uQr3BGx9LCIwMN82mw8SM_gJBx4lPqml/view?usp=sharing
INTERZINC,"DUS, 1 BOTOL © 60 ML",SIRUP,DTL0917624637A1,INTERBAT,OBAT DIARE ANAK,1,"Lampiran 1. Daftar Sirup Obat yang Tidak Menggunakan Propilen Glikol, Polietilen Glikol, Sorbitol, dan/atau Gliserin/Gliserol Aman Digunakan Sepanjang Sesuai Aturan Pakai Lampiran 1. Daftar Sirup Obat yang Tidak Menggunakan Propilen Glikol, Polietilen Glikol, Sorbitol, dan/atau Gliserin/Gliserol Aman Digunakan Sepanjang Sesuai Aturan Pakai (Berdasarkan Data Registrasi BPOM)",https://drive.google.com/file/d/1uQr3BGx9LCIwMN82mw8SM_gJBx4lPqml/view?usp=sharing
KANDISTATIN,"DUS, 1 BOTOL @ 12 ML",SUSPENSI,DKL9016105033A1,METISKA FARMA,ANT1 JAMUR ANAK DAN DEWASA,1,"Lampiran 1. Daftar Sirup Obat yang Tidak Menggunakan Propilen Glikol, Polietilen Glikol, Sorbitol, dan/atau Gliserin/Gliserol Aman Digunakan Sepanjang Sesuai Aturan Pakai Lampiran 1. Daftar Sirup Obat yang Tidak Menggunakan Propilen Glikol, Polietilen Glikol, Sorbitol, dan/atau Gliserin/Gliserol Aman Digunakan Sepanjang Sesuai Aturan Pakai (Berdasarkan Data Registrasi BPOM)",https://drive.google.com/file/d/1uQr3BGx9LCIwMN82mw8SM_gJBx4lPqml/view?usp=sharing
KOM1X EXPECTORANT JAHE,"DUS, 30 SALCHET © 7
M",SIRUP,DTL1802813637A1,BINTANG TOEDJOE,OBAT BATUK DEWASA,1,"Lampiran 1. Daftar Sirup Obat yang Tidak Menggunakan Propilen Glikol, Polietilen Glikol, Sorbitol, dan/atau Gliserin/Gliserol Aman Digunakan Sepanjang Sesuai Aturan Pakai Lampiran 1. Daftar Sirup Obat yang Tidak Menggunakan Propilen Glikol, Polietilen Glikol, Sorbitol, dan/atau Gliserin/Gliserol Aman Digunakan Sepanjang Sesuai Aturan Pakai (Berdasarkan Data Registrasi BPOM)",https://drive.google.com/file/d/1uQr3BGx9LCIwMN82mw8SM_gJBx4lPqml/view?usp=sharing
KOM1X RASA JAHE,"DUS, HET 30 SAC © 7
ML",SIRUP,DTL9202805837A1,BINTANG TOEDJOE,OBAT BATUK DEWASA,1,"Lampiran 1. Daftar Sirup Obat yang Tidak Menggunakan Propilen Glikol, Polietilen Glikol, Sorbitol, dan/atau Gliserin/Gliserol Aman Digunakan Sepanjang Sesuai Aturan Pakai Lampiran 1. Daftar Sirup Obat yang Tidak Menggunakan Propilen Glikol, Polietilen Glikol, Sorbitol, dan/atau Gliserin/Gliserol Aman Digunakan Sepanjang Sesuai Aturan Pakai (Berdasarkan Data Registrasi BPOM)",https://drive.google.com/file/d/1uQr3BGx9LCIwMN82mw8SM_gJBx4lPqml/view?usp=sharing
KOM1X RASA PEPPERMINT,"DUS, 30 SALCHET © 7
M",SIRU P,DTL9102803337A1,BINTANG TOEDJOE,OBAT BATUK DEWASA,1,"Lampiran 1. Daftar Sirup Obat yang Tidak Menggunakan Propilen Glikol, Polietilen Glikol, Sorbitol, dan/atau Gliserin/Gliserol Aman Digunakan Sepanjang Sesuai Aturan Pakai Lampiran 1. Daftar Sirup Obat yang Tidak Menggunakan Propilen Glikol, Polietilen Glikol, Sorbitol, dan/atau Gliserin/Gliserol Aman Digunakan Sepanjang Sesuai Aturan Pakai (Berdasarkan Data Registrasi BPOM)",https://drive.google.com/file/d/1uQr3BGx9LCIwMN82mw8SM_gJBx4lPqml/view?usp=sharing
KOMIX EXPECTORANT JERUK NIPIS,"❑US, 30 SACHET © 7
ML",SIRUP,DTL1802813537A1,BINTANG TOEDJOE,OBAT BATUK DEWASA,1,"Lampiran 1. Daftar Sirup Obat yang Tidak Menggunakan Propilen Glikol, Polietilen Glikol, Sorbitol, dan/atau Gliserin/Gliserol Aman Digunakan Sepanjang Sesuai Aturan Pakai Lampiran 1. Daftar Sirup Obat yang Tidak Menggunakan Propilen Glikol, Polietilen Glikol, Sorbitol, dan/atau Gliserin/Gliserol Aman Digunakan Sepanjang Sesuai Aturan Pakai (Berdasarkan Data Registrasi BPOM)",https://drive.google.com/file/d/1uQr3BGx9LCIwMN82mw8SM_gJBx4lPqml/view?usp=sharing
KOMIX EXPECTORANT PEPPERMINT,"DUS, 30 SACHET © 7
ML",SIRUP,DTL1802813737A1,BINTANG TOEDJOE,OBAT BATUK DEWASA,1,"Lampiran 1. Daftar Sirup Obat yang Tidak Menggunakan Propilen Glikol, Polietilen Glikol, Sorbitol, dan/atau Gliserin/Gliserol Aman Digunakan Sepanjang Sesuai Aturan Pakai Lampiran 1. Daftar Sirup Obat yang Tidak Menggunakan Propilen Glikol, Polietilen Glikol, Sorbitol, dan/atau Gliserin/Gliserol Aman Digunakan Sepanjang Sesuai Aturan Pakai (Berdasarkan Data Registrasi BPOM)",https://drive.google.com/file/d/1uQr3BGx9LCIwMN82mw8SM_gJBx4lPqml/view?usp=sharing
KOMIX OBH,"DUS, 30 SAC HET @ 7
ML",SIRUP,DTL1402813237A1,BINTANG TOEDJOE,OBAT BATUK ANAK DAN DEWASA,1,"Lampiran 1. Daftar Sirup Obat yang Tidak Menggunakan Propilen Glikol, Polietilen Glikol, Sorbitol, dan/atau Gliserin/Gliserol Aman Digunakan Sepanjang Sesuai Aturan Pakai Lampiran 1. Daftar Sirup Obat yang Tidak Menggunakan Propilen Glikol, Polietilen Glikol, Sorbitol, dan/atau Gliserin/Gliserol Aman Digunakan Sepanjang Sesuai Aturan Pakai (Berdasarkan Data Registrasi BPOM)",https://drive.google.com/file/d/1uQr3BGx9LCIwMN82mw8SM_gJBx4lPqml/view?usp=sharing
KOMIX OBH,"DU M
S, 5 SACHET © 7
L",S1RUP,DTL1402813237A1,BINTANG TOEDJOE,OBAT BATUK ANAK DAN DEWASA,1,"Lampiran 1. Daftar Sirup Obat yang Tidak Menggunakan Propilen Glikol, Polietilen Glikol, Sorbitol, dan/atau Gliserin/Gliserol Aman Digunakan Sepanjang Sesuai Aturan Pakai Lampiran 1. Daftar Sirup Obat yang Tidak Menggunakan Propilen Glikol, Polietilen Glikol, Sorbitol, dan/atau Gliserin/Gliserol Aman Digunakan Sepanjang Sesuai Aturan Pakai (Berdasarkan Data Registrasi BPOM)",https://drive.google.com/file/d/1uQr3BGx9LCIwMN82mw8SM_gJBx4lPqml/view?usp=sharing
KOMIX OBH,"DUS, 6 SACHET © 7
ML",SIRUP,DTL1402813237A1,BINTANG TOEDJOE,"OBAT BATUK DAN FLU ANAK DAN
DEWASA",1,"Lampiran 1. Daftar Sirup Obat yang Tidak Menggunakan Propilen Glikol, Polietilen Glikol, Sorbitol, dan/atau Gliserin/Gliserol Aman Digunakan Sepanjang Sesuai Aturan Pakai Lampiran 1. Daftar Sirup Obat yang Tidak Menggunakan Propilen Glikol, Polietilen Glikol, Sorbitol, dan/atau Gliserin/Gliserol Aman Digunakan Sepanjang Sesuai Aturan Pakai (Berdasarkan Data Registrasi BPOM)",https://drive.google.com/file/d/1uQr3BGx9LCIwMN82mw8SM_gJBx4lPqml/view?usp=sharing
KOMIX OBH KID (RASA MADU),"DUS, 10 SAC HET © 5
ML",SIRUP,DTL1402813337A1,BINTANG TOEDJOE,OBAT BATUK DAN FLU ANAK,1,"Lampiran 1. Daftar Sirup Obat yang Tidak Menggunakan Propilen Glikol, Polietilen Glikol, Sorbitol, dan/atau Gliserin/Gliserol Aman Digunakan Sepanjang Sesuai Aturan Pakai Lampiran 1. Daftar Sirup Obat yang Tidak Menggunakan Propilen Glikol, Polietilen Glikol, Sorbitol, dan/atau Gliserin/Gliserol Aman Digunakan Sepanjang Sesuai Aturan Pakai (Berdasarkan Data Registrasi BPOM)",https://drive.google.com/file/d/1uQr3BGx9LCIwMN82mw8SM_gJBx4lPqml/view?usp=sharing
KOMIX RASA JERUK NIPIS,"DUS, HET @ 7 30 SAC
ML",SIRUP,DTL9502807737A1,BINTANG TOEDJOE,OBAT BATUK DEWASA,1,"Lampiran 1. Daftar Sirup Obat yang Tidak Menggunakan Propilen Glikol, Polietilen Glikol, Sorbitol, dan/atau Gliserin/Gliserol Aman Digunakan Sepanjang Sesuai Aturan Pakai Lampiran 1. Daftar Sirup Obat yang Tidak Menggunakan Propilen Glikol, Polietilen Glikol, Sorbitol, dan/atau Gliserin/Gliserol Aman Digunakan Sepanjang Sesuai Aturan Pakai (Berdasarkan Data Registrasi BPOM)",https://drive.google.com/file/d/1uQr3BGx9LCIwMN82mw8SM_gJBx4lPqml/view?usp=sharing
KONIDIN OBH,"DUS, HET 30 SAC © 7
ML",SIRUP,DBL9913018737A1,KONIMEX,OBAT BATUK ANAK DAN DEWASA,1,"Lampiran 1. Daftar Sirup Obat yang Tidak Menggunakan Propilen Glikol, Polietilen Glikol, Sorbitol, dan/atau Gliserin/Gliserol Aman Digunakan Sepanjang Sesuai Aturan Pakai Lampiran 1. Daftar Sirup Obat yang Tidak Menggunakan Propilen Glikol, Polietilen Glikol, Sorbitol, dan/atau Gliserin/Gliserol Aman Digunakan Sepanjang Sesuai Aturan Pakai (Berdasarkan Data Registrasi BPOM)",https://drive.google.com/file/d/1uQr3BGx9LCIwMN82mw8SM_gJBx4lPqml/view?usp=sharing
LACONS,"DUS, 1 BOTOL @ 60 ML",SIRUP,DBL0913705337A1,MAHAKAM BETA FARMA,PENCAHAR ANAK DAN DEWASA,1,"Lampiran 1. Daftar Sirup Obat yang Tidak Menggunakan Propilen Glikol, Polietilen Glikol, Sorbitol, dan/atau Gliserin/Gliserol Aman Digunakan Sepanjang Sesuai Aturan Pakai Lampiran 1. Daftar Sirup Obat yang Tidak Menggunakan Propilen Glikol, Polietilen Glikol, Sorbitol, dan/atau Gliserin/Gliserol Aman Digunakan Sepanjang Sesuai Aturan Pakai (Berdasarkan Data Registrasi BPOM)",https://drive.google.com/file/d/1uQr3BGx9LCIwMN82mw8SM_gJBx4lPqml/view?usp=sharing
LACTOFID,"DUS, 1 BOTOL @ 60 ML",SIRUP,DBL1 61 571 8237A1,ETERCON PHARMA,PENCAHAR ANAK DAN DEWASA,1,"Lampiran 1. Daftar Sirup Obat yang Tidak Menggunakan Propilen Glikol, Polietilen Glikol, Sorbitol, dan/atau Gliserin/Gliserol Aman Digunakan Sepanjang Sesuai Aturan Pakai Lampiran 1. Daftar Sirup Obat yang Tidak Menggunakan Propilen Glikol, Polietilen Glikol, Sorbitol, dan/atau Gliserin/Gliserol Aman Digunakan Sepanjang Sesuai Aturan Pakai (Berdasarkan Data Registrasi BPOM)",https://drive.google.com/file/d/1uQr3BGx9LCIwMN82mw8SM_gJBx4lPqml/view?usp=sharing
LACTULAX,"DUS, 1 BOTOL @ 60 ML",SIRUP,DBL8709303937A1,IKAPHARMINDO PUTRAMAS,PENCAHAR ANAK DAN DEWASA,1,"Lampiran 1. Daftar Sirup Obat yang Tidak Menggunakan Propilen Glikol, Polietilen Glikol, Sorbitol, dan/atau Gliserin/Gliserol Aman Digunakan Sepanjang Sesuai Aturan Pakai Lampiran 1. Daftar Sirup Obat yang Tidak Menggunakan Propilen Glikol, Polietilen Glikol, Sorbitol, dan/atau Gliserin/Gliserol Aman Digunakan Sepanjang Sesuai Aturan Pakai (Berdasarkan Data Registrasi BPOM)",https://drive.google.com/file/d/1uQr3BGx9LCIwMN82mw8SM_gJBx4lPqml/view?usp=sharing
LACTULAX,"DUS, OL @ 120 1 BO T
ML",SIRUP,DBL8709303937A1,IKAPHARMINDO PUTRAMAS,PENCAHAR ANAK DAN DEWASA,1,"Lampiran 1. Daftar Sirup Obat yang Tidak Menggunakan Propilen Glikol, Polietilen Glikol, Sorbitol, dan/atau Gliserin/Gliserol Aman Digunakan Sepanjang Sesuai Aturan Pakai Lampiran 1. Daftar Sirup Obat yang Tidak Menggunakan Propilen Glikol, Polietilen Glikol, Sorbitol, dan/atau Gliserin/Gliserol Aman Digunakan Sepanjang Sesuai Aturan Pakai (Berdasarkan Data Registrasi BPOM)",https://drive.google.com/file/d/1uQr3BGx9LCIwMN82mw8SM_gJBx4lPqml/view?usp=sharing
LACTULAX (RASA COKLAT),"TOL @ 200  DUS, 1 BOML",SIRUP,DBL0309317237A1,IKAPHARMINDO PUTRAMAS,PENCAHAR ANAK DAN DEWASA,1,"Lampiran 1. Daftar Sirup Obat yang Tidak Menggunakan Propilen Glikol, Polietilen Glikol, Sorbitol, dan/atau Gliserin/Gliserol Aman Digunakan Sepanjang Sesuai Aturan Pakai Lampiran 1. Daftar Sirup Obat yang Tidak Menggunakan Propilen Glikol, Polietilen Glikol, Sorbitol, dan/atau Gliserin/Gliserol Aman Digunakan Sepanjang Sesuai Aturan Pakai (Berdasarkan Data Registrasi BPOM)",https://drive.google.com/file/d/1uQr3BGx9LCIwMN82mw8SM_gJBx4lPqml/view?usp=sharing
LACTULOSE,BOTOL @ 60 ML,SIRUP,GBL1109320337A1,IKAPHARMINDO PUTRAMAS,PENCAHAR ANAK DAN DEWASA,1,"Lampiran 1. Daftar Sirup Obat yang Tidak Menggunakan Propilen Glikol, Polietilen Glikol, Sorbitol, dan/atau Gliserin/Gliserol Aman Digunakan Sepanjang Sesuai Aturan Pakai Lampiran 1. Daftar Sirup Obat yang Tidak Menggunakan Propilen Glikol, Polietilen Glikol, Sorbitol, dan/atau Gliserin/Gliserol Aman Digunakan Sepanjang Sesuai Aturan Pakai (Berdasarkan Data Registrasi BPOM)",https://drive.google.com/file/d/1uQr3BGx9LCIwMN82mw8SM_gJBx4lPqml/view?usp=sharing
LACTULOSE,BOTOL @ 120 ML,SIRUP,GBL1109320337A1,IKAPHARMINDO PUTRAMAS,PENCAHAR ANAK DAN DEWASA,1,"Lampiran 1. Daftar Sirup Obat yang Tidak Menggunakan Propilen Glikol, Polietilen Glikol, Sorbitol, dan/atau Gliserin/Gliserol Aman Digunakan Sepanjang Sesuai Aturan Pakai Lampiran 1. Daftar Sirup Obat yang Tidak Menggunakan Propilen Glikol, Polietilen Glikol, Sorbitol, dan/atau Gliserin/Gliserol Aman Digunakan Sepanjang Sesuai Aturan Pakai (Berdasarkan Data Registrasi BPOM)",https://drive.google.com/file/d/1uQr3BGx9LCIwMN82mw8SM_gJBx4lPqml/view?usp=sharing
LACTULOSE,"DUS, 1 BOTOL @ 60 ML",SIRUP,GBL1615719037A1,ETERCON PHARMA,PENCAHAR ANAK DAN DEWASA,1,"Lampiran 1. Daftar Sirup Obat yang Tidak Menggunakan Propilen Glikol, Polietilen Glikol, Sorbitol, dan/atau Gliserin/Gliserol Aman Digunakan Sepanjang Sesuai Aturan Pakai Lampiran 1. Daftar Sirup Obat yang Tidak Menggunakan Propilen Glikol, Polietilen Glikol, Sorbitol, dan/atau Gliserin/Gliserol Aman Digunakan Sepanjang Sesuai Aturan Pakai (Berdasarkan Data Registrasi BPOM)",https://drive.google.com/file/d/1uQr3BGx9LCIwMN82mw8SM_gJBx4lPqml/view?usp=sharing
LACTULOSE,"DUS, 1 BOTOL @ 60 ML",SIRUP,GBL2005064437A1,DEXA MEDICA,PENCAHAR ANAK DAN DEWASA,1,"Lampiran 1. Daftar Sirup Obat yang Tidak Menggunakan Propilen Glikol, Polietilen Glikol, Sorbitol, dan/atau Gliserin/Gliserol Aman Digunakan Sepanjang Sesuai Aturan Pakai Lampiran 1. Daftar Sirup Obat yang Tidak Menggunakan Propilen Glikol, Polietilen Glikol, Sorbitol, dan/atau Gliserin/Gliserol Aman Digunakan Sepanjang Sesuai Aturan Pakai (Berdasarkan Data Registrasi BPOM)",https://drive.google.com/file/d/1uQr3BGx9LCIwMN82mw8SM_gJBx4lPqml/view?usp=sharing
LANTULOS,"DUS, 1 BOTOL @ 60 ML",SIRUP,DBL1819619937A1,PERTIWI AGUNG,PENCAHAR ANAK DAN DEWASA,1,"Lampiran 1. Daftar Sirup Obat yang Tidak Menggunakan Propilen Glikol, Polietilen Glikol, Sorbitol, dan/atau Gliserin/Gliserol Aman Digunakan Sepanjang Sesuai Aturan Pakai Lampiran 1. Daftar Sirup Obat yang Tidak Menggunakan Propilen Glikol, Polietilen Glikol, Sorbitol, dan/atau Gliserin/Gliserol Aman Digunakan Sepanjang Sesuai Aturan Pakai (Berdasarkan Data Registrasi BPOM)",https://drive.google.com/file/d/1uQr3BGx9LCIwMN82mw8SM_gJBx4lPqml/view?usp=sharing
LAPICEF,"DUS, 1 BOTOL @ 15 ML",DROPS,DKL1 61 33201 36A1,LAPI LABORATORIES,ANTIBIOTIKA ANAK,1,"Lampiran 1. Daftar Sirup Obat yang Tidak Menggunakan Propilen Glikol, Polietilen Glikol, Sorbitol, dan/atau Gliserin/Gliserol Aman Digunakan Sepanjang Sesuai Aturan Pakai Lampiran 1. Daftar Sirup Obat yang Tidak Menggunakan Propilen Glikol, Polietilen Glikol, Sorbitol, dan/atau Gliserin/Gliserol Aman Digunakan Sepanjang Sesuai Aturan Pakai (Berdasarkan Data Registrasi BPOM)",https://drive.google.com/file/d/1uQr3BGx9LCIwMN82mw8SM_gJBx4lPqml/view?usp=sharing
LAXALOSAN,"DUS, 1 BOTOL @ 60 ML",SIRUP,DBL2122261237A1,SANBE FARMA,PENCAHAR ANAK DAN DEWASA,1,"Lampiran 1. Daftar Sirup Obat yang Tidak Menggunakan Propilen Glikol, Polietilen Glikol, Sorbitol, dan/atau Gliserin/Gliserol Aman Digunakan Sepanjang Sesuai Aturan Pakai Lampiran 1. Daftar Sirup Obat yang Tidak Menggunakan Propilen Glikol, Polietilen Glikol, Sorbitol, dan/atau Gliserin/Gliserol Aman Digunakan Sepanjang Sesuai Aturan Pakai (Berdasarkan Data Registrasi BPOM)",https://drive.google.com/file/d/1uQr3BGx9LCIwMN82mw8SM_gJBx4lPqml/view?usp=sharing
LEVOPRONT,"DUS, 1 BOTMLOL © 120",SIRUP,DKL0004126537A1,COMBIPHAR,OBAT BATUK ANAK DAN DEWASA,1,"Lampiran 1. Daftar Sirup Obat yang Tidak Menggunakan Propilen Glikol, Polietilen Glikol, Sorbitol, dan/atau Gliserin/Gliserol Aman Digunakan Sepanjang Sesuai Aturan Pakai Lampiran 1. Daftar Sirup Obat yang Tidak Menggunakan Propilen Glikol, Polietilen Glikol, Sorbitol, dan/atau Gliserin/Gliserol Aman Digunakan Sepanjang Sesuai Aturan Pakai (Berdasarkan Data Registrasi BPOM)",https://drive.google.com/file/d/1uQr3BGx9LCIwMN82mw8SM_gJBx4lPqml/view?usp=sharing
LEVOSIF,"DUS, 1 BOTOL © 100
ML",S1RUP,DKL1605054437A1,DEXA MEDICA,OBAT BATUK ANAK DAN DEWASA,1,"Lampiran 1. Daftar Sirup Obat yang Tidak Menggunakan Propilen Glikol, Polietilen Glikol, Sorbitol, dan/atau Gliserin/Gliserol Aman Digunakan Sepanjang Sesuai Aturan Pakai Lampiran 1. Daftar Sirup Obat yang Tidak Menggunakan Propilen Glikol, Polietilen Glikol, Sorbitol, dan/atau Gliserin/Gliserol Aman Digunakan Sepanjang Sesuai Aturan Pakai (Berdasarkan Data Registrasi BPOM)",https://drive.google.com/file/d/1uQr3BGx9LCIwMN82mw8SM_gJBx4lPqml/view?usp=sharing
MALTOFER,"DUS, BOTOL @ 30 ML",DROPS,DBL0304128636A1,COMB1PHAR,"OBAT DEFISIENSI ZAT BESI TANPA
ANEM1A ANAK DAN DEWASA",1,"Lampiran 1. Daftar Sirup Obat yang Tidak Menggunakan Propilen Glikol, Polietilen Glikol, Sorbitol, dan/atau Gliserin/Gliserol Aman Digunakan Sepanjang Sesuai Aturan Pakai Lampiran 1. Daftar Sirup Obat yang Tidak Menggunakan Propilen Glikol, Polietilen Glikol, Sorbitol, dan/atau Gliserin/Gliserol Aman Digunakan Sepanjang Sesuai Aturan Pakai (Berdasarkan Data Registrasi BPOM)",https://drive.google.com/file/d/1uQr3BGx9LCIwMN82mw8SM_gJBx4lPqml/view?usp=sharing
MEFAMESIS,"DUS, BOTOL © 50 ML",SIRUP,DKL0916009237A1,"INTIJAYA META RATNA
PHARMINDO",❑BAT MUAL ANAK DAN DEWASA,1,"Lampiran 1. Daftar Sirup Obat yang Tidak Menggunakan Propilen Glikol, Polietilen Glikol, Sorbitol, dan/atau Gliserin/Gliserol Aman Digunakan Sepanjang Sesuai Aturan Pakai Lampiran 1. Daftar Sirup Obat yang Tidak Menggunakan Propilen Glikol, Polietilen Glikol, Sorbitol, dan/atau Gliserin/Gliserol Aman Digunakan Sepanjang Sesuai Aturan Pakai (Berdasarkan Data Registrasi BPOM)",https://drive.google.com/file/d/1uQr3BGx9LCIwMN82mw8SM_gJBx4lPqml/view?usp=sharing
METAGAN EXPECTORANT,"DUS, 1 BOTOL © 50 ML",SIRUP,DTL9116004437A1,"INTIJAYA META RATNA
PHARMINDO",OBAT BATUK ANAK DAN DEWASA,1,"Lampiran 1. Daftar Sirup Obat yang Tidak Menggunakan Propilen Glikol, Polietilen Glikol, Sorbitol, dan/atau Gliserin/Gliserol Aman Digunakan Sepanjang Sesuai Aturan Pakai Lampiran 1. Daftar Sirup Obat yang Tidak Menggunakan Propilen Glikol, Polietilen Glikol, Sorbitol, dan/atau Gliserin/Gliserol Aman Digunakan Sepanjang Sesuai Aturan Pakai (Berdasarkan Data Registrasi BPOM)",https://drive.google.com/file/d/1uQr3BGx9LCIwMN82mw8SM_gJBx4lPqml/view?usp=sharing
METHADONE HYDROCHLORIDE,BOTOL © 1000 ML,SIRUP,GNL0712423737A1,KIMIA FARMA TBK.,NARKOTIKA DEWASA,1,"Lampiran 1. Daftar Sirup Obat yang Tidak Menggunakan Propilen Glikol, Polietilen Glikol, Sorbitol, dan/atau Gliserin/Gliserol Aman Digunakan Sepanjang Sesuai Aturan Pakai Lampiran 1. Daftar Sirup Obat yang Tidak Menggunakan Propilen Glikol, Polietilen Glikol, Sorbitol, dan/atau Gliserin/Gliserol Aman Digunakan Sepanjang Sesuai Aturan Pakai (Berdasarkan Data Registrasi BPOM)",https://drive.google.com/file/d/1uQr3BGx9LCIwMN82mw8SM_gJBx4lPqml/view?usp=sharing
METROLET,"DUS, OL © 100 1 B OT
ML",SUSPENSI,DKL8307920033A1,HARSEN,ANTIBIOTIKA ANAK DAN DEWASA,1,"Lampiran 1. Daftar Sirup Obat yang Tidak Menggunakan Propilen Glikol, Polietilen Glikol, Sorbitol, dan/atau Gliserin/Gliserol Aman Digunakan Sepanjang Sesuai Aturan Pakai Lampiran 1. Daftar Sirup Obat yang Tidak Menggunakan Propilen Glikol, Polietilen Glikol, Sorbitol, dan/atau Gliserin/Gliserol Aman Digunakan Sepanjang Sesuai Aturan Pakai (Berdasarkan Data Registrasi BPOM)",https://drive.google.com/file/d/1uQr3BGx9LCIwMN82mw8SM_gJBx4lPqml/view?usp=sharing
METRONIDAZOLE BENZOAT,"DUS, BOTOL PLASTIK
© 100 ML",SUSPENSI,GKL1907923233A1,HARSEN,ANTIMIKROBA ANAK DAN DEWASA,1,"Lampiran 1. Daftar Sirup Obat yang Tidak Menggunakan Propilen Glikol, Polietilen Glikol, Sorbitol, dan/atau Gliserin/Gliserol Aman Digunakan Sepanjang Sesuai Aturan Pakai Lampiran 1. Daftar Sirup Obat yang Tidak Menggunakan Propilen Glikol, Polietilen Glikol, Sorbitol, dan/atau Gliserin/Gliserol Aman Digunakan Sepanjang Sesuai Aturan Pakai (Berdasarkan Data Registrasi BPOM)",https://drive.google.com/file/d/1uQr3BGx9LCIwMN82mw8SM_gJBx4lPqml/view?usp=sharing
METRONIDAZOLE BENZOATE,"DUS, 1 BOTOL © 60 ML",SUSPENSI,GKL1931117333A1,GRAHA FARMA,ANTIMIKROBA ANAK DAN DEWASA,1,"Lampiran 1. Daftar Sirup Obat yang Tidak Menggunakan Propilen Glikol, Polietilen Glikol, Sorbitol, dan/atau Gliserin/Gliserol Aman Digunakan Sepanjang Sesuai Aturan Pakai Lampiran 1. Daftar Sirup Obat yang Tidak Menggunakan Propilen Glikol, Polietilen Glikol, Sorbitol, dan/atau Gliserin/Gliserol Aman Digunakan Sepanjang Sesuai Aturan Pakai (Berdasarkan Data Registrasi BPOM)",https://drive.google.com/file/d/1uQr3BGx9LCIwMN82mw8SM_gJBx4lPqml/view?usp=sharing
MUCOBAT,"DUS, 1 BOTOL © 60 ML",SIRUP,DKL2010907237A1,ITRASAL,OBAT BATUK ANAK,1,"Lampiran 1. Daftar Sirup Obat yang Tidak Menggunakan Propilen Glikol, Polietilen Glikol, Sorbitol, dan/atau Gliserin/Gliserol Aman Digunakan Sepanjang Sesuai Aturan Pakai Lampiran 1. Daftar Sirup Obat yang Tidak Menggunakan Propilen Glikol, Polietilen Glikol, Sorbitol, dan/atau Gliserin/Gliserol Aman Digunakan Sepanjang Sesuai Aturan Pakai (Berdasarkan Data Registrasi BPOM)",https://drive.google.com/file/d/1uQr3BGx9LCIwMN82mw8SM_gJBx4lPqml/view?usp=sharing
MUCOPECT,"DUS, 1 BOTOL © 20 ML",DROPS,DKL1721206936A1,AVENTIS PHARMA,OBAT BATUK ANAK,1,"Lampiran 1. Daftar Sirup Obat yang Tidak Menggunakan Propilen Glikol, Polietilen Glikol, Sorbitol, dan/atau Gliserin/Gliserol Aman Digunakan Sepanjang Sesuai Aturan Pakai Lampiran 1. Daftar Sirup Obat yang Tidak Menggunakan Propilen Glikol, Polietilen Glikol, Sorbitol, dan/atau Gliserin/Gliserol Aman Digunakan Sepanjang Sesuai Aturan Pakai (Berdasarkan Data Registrasi BPOM)",https://drive.google.com/file/d/1uQr3BGx9LCIwMN82mw8SM_gJBx4lPqml/view?usp=sharing
NEO EMKANADRYL,"DUS, OL © 100 1 B OT
ML",SIRUP,DTL2016604737A1,MUDITA KARUNA,OBAT BATUK ANAK DAN DEWASA,1,"Lampiran 1. Daftar Sirup Obat yang Tidak Menggunakan Propilen Glikol, Polietilen Glikol, Sorbitol, dan/atau Gliserin/Gliserol Aman Digunakan Sepanjang Sesuai Aturan Pakai Lampiran 1. Daftar Sirup Obat yang Tidak Menggunakan Propilen Glikol, Polietilen Glikol, Sorbitol, dan/atau Gliserin/Gliserol Aman Digunakan Sepanjang Sesuai Aturan Pakai (Berdasarkan Data Registrasi BPOM)",https://drive.google.com/file/d/1uQr3BGx9LCIwMN82mw8SM_gJBx4lPqml/view?usp=sharing
NIPE EXPECTORANT ADULT,"DUS, 1 BOTOL PLASTIK
© 120 ML",SIRUP,DTL2032209837A2,"MENARINI INDRIA
LABORATORIES",OBAT BATUK DEWASA,1,"Lampiran 1. Daftar Sirup Obat yang Tidak Menggunakan Propilen Glikol, Polietilen Glikol, Sorbitol, dan/atau Gliserin/Gliserol Aman Digunakan Sepanjang Sesuai Aturan Pakai Lampiran 1. Daftar Sirup Obat yang Tidak Menggunakan Propilen Glikol, Polietilen Glikol, Sorbitol, dan/atau Gliserin/Gliserol Aman Digunakan Sepanjang Sesuai Aturan Pakai (Berdasarkan Data Registrasi BPOM)",https://drive.google.com/file/d/1uQr3BGx9LCIwMN82mw8SM_gJBx4lPqml/view?usp=sharing
NIPE EXPECTORANT ADULT,"DUS, 1 BOTOL PLASTIK
@ 60 ML",SIRUP,DTL2032209837A2,"MENARINI INDRIA
LABORATOR1ES",OBAT BATUK DEWASA,1,"Lampiran 1. Daftar Sirup Obat yang Tidak Menggunakan Propilen Glikol, Polietilen Glikol, Sorbitol, dan/atau Gliserin/Gliserol Aman Digunakan Sepanjang Sesuai Aturan Pakai Lampiran 1. Daftar Sirup Obat yang Tidak Menggunakan Propilen Glikol, Polietilen Glikol, Sorbitol, dan/atau Gliserin/Gliserol Aman Digunakan Sepanjang Sesuai Aturan Pakai (Berdasarkan Data Registrasi BPOM)",https://drive.google.com/file/d/1uQr3BGx9LCIwMN82mw8SM_gJBx4lPqml/view?usp=sharing
NIPE EXPECTORANT ADULT,"DUS, 1 BOTTLE @ 60
ML",SIRUP,DTL2032209837A1,"MENARINI INDRIA
LABORATORIES",OBAT BATUK DEWASA,1,"Lampiran 1. Daftar Sirup Obat yang Tidak Menggunakan Propilen Glikol, Polietilen Glikol, Sorbitol, dan/atau Gliserin/Gliserol Aman Digunakan Sepanjang Sesuai Aturan Pakai Lampiran 1. Daftar Sirup Obat yang Tidak Menggunakan Propilen Glikol, Polietilen Glikol, Sorbitol, dan/atau Gliserin/Gliserol Aman Digunakan Sepanjang Sesuai Aturan Pakai (Berdasarkan Data Registrasi BPOM)",https://drive.google.com/file/d/1uQr3BGx9LCIwMN82mw8SM_gJBx4lPqml/view?usp=sharing
NIPE EXPECTORANT ADULT,"DUS, 1 BOTOL @ 120
ML",SIRUP,DTL2032209837A1,"MENARINI INDRIA
LABORATORIES",OBAT BATUK DEWASA,1,"Lampiran 1. Daftar Sirup Obat yang Tidak Menggunakan Propilen Glikol, Polietilen Glikol, Sorbitol, dan/atau Gliserin/Gliserol Aman Digunakan Sepanjang Sesuai Aturan Pakai Lampiran 1. Daftar Sirup Obat yang Tidak Menggunakan Propilen Glikol, Polietilen Glikol, Sorbitol, dan/atau Gliserin/Gliserol Aman Digunakan Sepanjang Sesuai Aturan Pakai (Berdasarkan Data Registrasi BPOM)",https://drive.google.com/file/d/1uQr3BGx9LCIwMN82mw8SM_gJBx4lPqml/view?usp=sharing
NIPE EXPECTORANT KIDS,DUS' 1 BOTOL PLASTIK  @ 60 ML,SIRUP,DTL2032209837B2,"MENARINI INDRIA
LABORATORIES",OBAT BATUK ANAK,1,"Lampiran 1. Daftar Sirup Obat yang Tidak Menggunakan Propilen Glikol, Polietilen Glikol, Sorbitol, dan/atau Gliserin/Gliserol Aman Digunakan Sepanjang Sesuai Aturan Pakai Lampiran 1. Daftar Sirup Obat yang Tidak Menggunakan Propilen Glikol, Polietilen Glikol, Sorbitol, dan/atau Gliserin/Gliserol Aman Digunakan Sepanjang Sesuai Aturan Pakai (Berdasarkan Data Registrasi BPOM)",https://drive.google.com/file/d/1uQr3BGx9LCIwMN82mw8SM_gJBx4lPqml/view?usp=sharing
NIPE EXPECTORANT KIDS,"DUS, 1 BOTOL @ 60 ML",SIRUP,DTL2032209837B1,"MENARINI INDRIA
LABORATORIES",OBAT BATUK ANAK,1,"Lampiran 1. Daftar Sirup Obat yang Tidak Menggunakan Propilen Glikol, Polietilen Glikol, Sorbitol, dan/atau Gliserin/Gliserol Aman Digunakan Sepanjang Sesuai Aturan Pakai Lampiran 1. Daftar Sirup Obat yang Tidak Menggunakan Propilen Glikol, Polietilen Glikol, Sorbitol, dan/atau Gliserin/Gliserol Aman Digunakan Sepanjang Sesuai Aturan Pakai (Berdasarkan Data Registrasi BPOM)",https://drive.google.com/file/d/1uQr3BGx9LCIwMN82mw8SM_gJBx4lPqml/view?usp=sharing
NOPRENIA,"DUS, 1 BOTOL @ 30 ML","LARUTAN
ORAL",DKL1433532137A1,"NOVELL PHARMACEUTICAL
LABORATORIES",ANTI PSIKOTIK ANAK DAN DEWASA,1,"Lampiran 1. Daftar Sirup Obat yang Tidak Menggunakan Propilen Glikol, Polietilen Glikol, Sorbitol, dan/atau Gliserin/Gliserol Aman Digunakan Sepanjang Sesuai Aturan Pakai Lampiran 1. Daftar Sirup Obat yang Tidak Menggunakan Propilen Glikol, Polietilen Glikol, Sorbitol, dan/atau Gliserin/Gliserol Aman Digunakan Sepanjang Sesuai Aturan Pakai (Berdasarkan Data Registrasi BPOM)",https://drive.google.com/file/d/1uQr3BGx9LCIwMN82mw8SM_gJBx4lPqml/view?usp=sharing
NORAGES,"DUS, 1 BOTOL @ 20 ML",DROPS,DKL0915620736A1,MEPROFARM,PEREDA NYERI ANAK,1,"Lampiran 1. Daftar Sirup Obat yang Tidak Menggunakan Propilen Glikol, Polietilen Glikol, Sorbitol, dan/atau Gliserin/Gliserol Aman Digunakan Sepanjang Sesuai Aturan Pakai Lampiran 1. Daftar Sirup Obat yang Tidak Menggunakan Propilen Glikol, Polietilen Glikol, Sorbitol, dan/atau Gliserin/Gliserol Aman Digunakan Sepanjang Sesuai Aturan Pakai (Berdasarkan Data Registrasi BPOM)",https://drive.google.com/file/d/1uQr3BGx9LCIwMN82mw8SM_gJBx4lPqml/view?usp=sharing
NOSFOCIN,"DUS, BOTOL @ 120 ML",SIRUP,DKL1433533937A1,"NOVELL PHARMACEUTICAL
LABORATORIES",OBAT BATUK ANAK DAN DEWASA,1,"Lampiran 1. Daftar Sirup Obat yang Tidak Menggunakan Propilen Glikol, Polietilen Glikol, Sorbitol, dan/atau Gliserin/Gliserol Aman Digunakan Sepanjang Sesuai Aturan Pakai Lampiran 1. Daftar Sirup Obat yang Tidak Menggunakan Propilen Glikol, Polietilen Glikol, Sorbitol, dan/atau Gliserin/Gliserol Aman Digunakan Sepanjang Sesuai Aturan Pakai (Berdasarkan Data Registrasi BPOM)",https://drive.google.com/file/d/1uQr3BGx9LCIwMN82mw8SM_gJBx4lPqml/view?usp=sharing
NOVALGIN,"DUS, 1 BOTOL @ 60 ML",SIRUP,DKL0121202637A1,AVENTIS PHARMA,PEREDA NYERI DEWASA,1,"Lampiran 1. Daftar Sirup Obat yang Tidak Menggunakan Propilen Glikol, Polietilen Glikol, Sorbitol, dan/atau Gliserin/Gliserol Aman Digunakan Sepanjang Sesuai Aturan Pakai Lampiran 1. Daftar Sirup Obat yang Tidak Menggunakan Propilen Glikol, Polietilen Glikol, Sorbitol, dan/atau Gliserin/Gliserol Aman Digunakan Sepanjang Sesuai Aturan Pakai (Berdasarkan Data Registrasi BPOM)",https://drive.google.com/file/d/1uQr3BGx9LCIwMN82mw8SM_gJBx4lPqml/view?usp=sharing
NUSADRYL,"DUS, BOTOL @ 60 ML",SIRUP,DTL9803602637A1,CANDRA NUSANTARA JAYA,"OBAT BATUK DISERTAI ALERGI ANAK
DAN DEWASA",1,"Lampiran 1. Daftar Sirup Obat yang Tidak Menggunakan Propilen Glikol, Polietilen Glikol, Sorbitol, dan/atau Gliserin/Gliserol Aman Digunakan Sepanjang Sesuai Aturan Pakai Lampiran 1. Daftar Sirup Obat yang Tidak Menggunakan Propilen Glikol, Polietilen Glikol, Sorbitol, dan/atau Gliserin/Gliserol Aman Digunakan Sepanjang Sesuai Aturan Pakai (Berdasarkan Data Registrasi BPOM)",https://drive.google.com/file/d/1uQr3BGx9LCIwMN82mw8SM_gJBx4lPqml/view?usp=sharing
NYSTATIN,"DUS, BOTOL @ 15 ML",SUSPENSI,GKL1709224233A1,"IFARS PHARMACEUTICAL
LABORATORIES",ANTI JAMUR ANAK DAN DEWASA,1,"Lampiran 1. Daftar Sirup Obat yang Tidak Menggunakan Propilen Glikol, Polietilen Glikol, Sorbitol, dan/atau Gliserin/Gliserol Aman Digunakan Sepanjang Sesuai Aturan Pakai Lampiran 1. Daftar Sirup Obat yang Tidak Menggunakan Propilen Glikol, Polietilen Glikol, Sorbitol, dan/atau Gliserin/Gliserol Aman Digunakan Sepanjang Sesuai Aturan Pakai (Berdasarkan Data Registrasi BPOM)",https://drive.google.com/file/d/1uQr3BGx9LCIwMN82mw8SM_gJBx4lPqml/view?usp=sharing
OBAT BATUK 8 DEWA,"DUS, 1 BOTOL PLASTIK  @ 60 ML",SIRUP,DTL2015208537A1,MEGA ESA FARMA,OBAT BATUK ANAK DAN DEWASA,1,"Lampiran 1. Daftar Sirup Obat yang Tidak Menggunakan Propilen Glikol, Polietilen Glikol, Sorbitol, dan/atau Gliserin/Gliserol Aman Digunakan Sepanjang Sesuai Aturan Pakai Lampiran 1. Daftar Sirup Obat yang Tidak Menggunakan Propilen Glikol, Polietilen Glikol, Sorbitol, dan/atau Gliserin/Gliserol Aman Digunakan Sepanjang Sesuai Aturan Pakai (Berdasarkan Data Registrasi BPOM)",https://drive.google.com/file/d/1uQr3BGx9LCIwMN82mw8SM_gJBx4lPqml/view?usp=sharing
OBAT BATUK HITAM,BOTOL @ 120 ML,SIRUP,GBL7610916537A1,ITRASAL,OBAT BATUK ANAK DAN DEWASA,1,"Lampiran 1. Daftar Sirup Obat yang Tidak Menggunakan Propilen Glikol, Polietilen Glikol, Sorbitol, dan/atau Gliserin/Gliserol Aman Digunakan Sepanjang Sesuai Aturan Pakai Lampiran 1. Daftar Sirup Obat yang Tidak Menggunakan Propilen Glikol, Polietilen Glikol, Sorbitol, dan/atau Gliserin/Gliserol Aman Digunakan Sepanjang Sesuai Aturan Pakai (Berdasarkan Data Registrasi BPOM)",https://drive.google.com/file/d/1uQr3BGx9LCIwMN82mw8SM_gJBx4lPqml/view?usp=sharing
OBAT BATUK HITAM,"BOTOL PLAS TIK @ 300
ML",SIRUP,GBL7216706537A1,MULIA FARMA SUCI,OBAT BATUK ANAK DAN DEWASA,1,"Lampiran 1. Daftar Sirup Obat yang Tidak Menggunakan Propilen Glikol, Polietilen Glikol, Sorbitol, dan/atau Gliserin/Gliserol Aman Digunakan Sepanjang Sesuai Aturan Pakai Lampiran 1. Daftar Sirup Obat yang Tidak Menggunakan Propilen Glikol, Polietilen Glikol, Sorbitol, dan/atau Gliserin/Gliserol Aman Digunakan Sepanjang Sesuai Aturan Pakai (Berdasarkan Data Registrasi BPOM)",https://drive.google.com/file/d/1uQr3BGx9LCIwMN82mw8SM_gJBx4lPqml/view?usp=sharing
OBAT BATUK HITAM,BOTOL @ 100 ML,SIRUP,GBL9717100337A1,HOLI PHARMA,OBAT BATUK ANAK DAN DEWASA,1,"Lampiran 1. Daftar Sirup Obat yang Tidak Menggunakan Propilen Glikol, Polietilen Glikol, Sorbitol, dan/atau Gliserin/Gliserol Aman Digunakan Sepanjang Sesuai Aturan Pakai Lampiran 1. Daftar Sirup Obat yang Tidak Menggunakan Propilen Glikol, Polietilen Glikol, Sorbitol, dan/atau Gliserin/Gliserol Aman Digunakan Sepanjang Sesuai Aturan Pakai (Berdasarkan Data Registrasi BPOM)",https://drive.google.com/file/d/1uQr3BGx9LCIwMN82mw8SM_gJBx4lPqml/view?usp=sharing
OBAT BATUK HITAM,"BOTOL PLASTIK @ 100
ML",SIRUP,GBL8318300737A1,NUSANTARA BETA FARMA,OBAT BATUK ANAK DAN DEWASA,1,"Lampiran 1. Daftar Sirup Obat yang Tidak Menggunakan Propilen Glikol, Polietilen Glikol, Sorbitol, dan/atau Gliserin/Gliserol Aman Digunakan Sepanjang Sesuai Aturan Pakai Lampiran 1. Daftar Sirup Obat yang Tidak Menggunakan Propilen Glikol, Polietilen Glikol, Sorbitol, dan/atau Gliserin/Gliserol Aman Digunakan Sepanjang Sesuai Aturan Pakai (Berdasarkan Data Registrasi BPOM)",https://drive.google.com/file/d/1uQr3BGx9LCIwMN82mw8SM_gJBx4lPqml/view?usp=sharing
OBAT BATUK HITAM,"BOTOL PLASTIK @ 200
ML",SIRUP,GBL8318300737A1,NUSANTARA BETA FARMA,OBAT BATUK ANAK DAN DEWASA,1,"Lampiran 1. Daftar Sirup Obat yang Tidak Menggunakan Propilen Glikol, Polietilen Glikol, Sorbitol, dan/atau Gliserin/Gliserol Aman Digunakan Sepanjang Sesuai Aturan Pakai Lampiran 1. Daftar Sirup Obat yang Tidak Menggunakan Propilen Glikol, Polietilen Glikol, Sorbitol, dan/atau Gliserin/Gliserol Aman Digunakan Sepanjang Sesuai Aturan Pakai (Berdasarkan Data Registrasi BPOM)",https://drive.google.com/file/d/1uQr3BGx9LCIwMN82mw8SM_gJBx4lPqml/view?usp=sharing
OBAT BATUK HITAM,BOTOL @ 100 ML,SIRUP,GBL8713600937A2,LUCAS DJAJA,OBAT BATUK ANAK DAN DEWASA,1,"Lampiran 1. Daftar Sirup Obat yang Tidak Menggunakan Propilen Glikol, Polietilen Glikol, Sorbitol, dan/atau Gliserin/Gliserol Aman Digunakan Sepanjang Sesuai Aturan Pakai Lampiran 1. Daftar Sirup Obat yang Tidak Menggunakan Propilen Glikol, Polietilen Glikol, Sorbitol, dan/atau Gliserin/Gliserol Aman Digunakan Sepanjang Sesuai Aturan Pakai (Berdasarkan Data Registrasi BPOM)",https://drive.google.com/file/d/1uQr3BGx9LCIwMN82mw8SM_gJBx4lPqml/view?usp=sharing
OBH BERLICO (RASA JERUK NIPIS),"DUS, 1 BOTOL PLASTIK
 @ 100 ML",SIRUP,DBL0410806837A1,BERLICO MULIA FARMA,OBAT BATUK ANAK DAN DEWASA,1,"Lampiran 1. Daftar Sirup Obat yang Tidak Menggunakan Propilen Glikol, Polietilen Glikol, Sorbitol, dan/atau Gliserin/Gliserol Aman Digunakan Sepanjang Sesuai Aturan Pakai Lampiran 1. Daftar Sirup Obat yang Tidak Menggunakan Propilen Glikol, Polietilen Glikol, Sorbitol, dan/atau Gliserin/Gliserol Aman Digunakan Sepanjang Sesuai Aturan Pakai (Berdasarkan Data Registrasi BPOM)",https://drive.google.com/file/d/1uQr3BGx9LCIwMN82mw8SM_gJBx4lPqml/view?usp=sharing
OBH COMBI BATUK BERDAHAK RASA JAHE,"DUS' 1 BOTOL PLASTIK
@ 100 ML",SIRUP,DBL0804130437A1,COMBIPHAR,OBAT BATUK ANAK DAN DEWASA,1,"Lampiran 1. Daftar Sirup Obat yang Tidak Menggunakan Propilen Glikol, Polietilen Glikol, Sorbitol, dan/atau Gliserin/Gliserol Aman Digunakan Sepanjang Sesuai Aturan Pakai Lampiran 1. Daftar Sirup Obat yang Tidak Menggunakan Propilen Glikol, Polietilen Glikol, Sorbitol, dan/atau Gliserin/Gliserol Aman Digunakan Sepanjang Sesuai Aturan Pakai (Berdasarkan Data Registrasi BPOM)",https://drive.google.com/file/d/1uQr3BGx9LCIwMN82mw8SM_gJBx4lPqml/view?usp=sharing
OBH COMBI BATUK BERDAHAK RASA MENTHOL,"1 SACHET @ 7,5 ML",SIRUP,DBL7204116137A2,COMBIPHAR,OBAT BATUK DEWASA,1,"Lampiran 1. Daftar Sirup Obat yang Tidak Menggunakan Propilen Glikol, Polietilen Glikol, Sorbitol, dan/atau Gliserin/Gliserol Aman Digunakan Sepanjang Sesuai Aturan Pakai Lampiran 1. Daftar Sirup Obat yang Tidak Menggunakan Propilen Glikol, Polietilen Glikol, Sorbitol, dan/atau Gliserin/Gliserol Aman Digunakan Sepanjang Sesuai Aturan Pakai (Berdasarkan Data Registrasi BPOM)",https://drive.google.com/file/d/1uQr3BGx9LCIwMN82mw8SM_gJBx4lPqml/view?usp=sharing
OBH COMBI BATUK BERDAHAK RASA MENTHOL,"DUS, 20 SACHET @ 7,5
ML",SIRUP,DBL7204116137A2,COMBIPHAR,OBAT BATUK DEWASA,1,"Lampiran 1. Daftar Sirup Obat yang Tidak Menggunakan Propilen Glikol, Polietilen Glikol, Sorbitol, dan/atau Gliserin/Gliserol Aman Digunakan Sepanjang Sesuai Aturan Pakai Lampiran 1. Daftar Sirup Obat yang Tidak Menggunakan Propilen Glikol, Polietilen Glikol, Sorbitol, dan/atau Gliserin/Gliserol Aman Digunakan Sepanjang Sesuai Aturan Pakai (Berdasarkan Data Registrasi BPOM)",https://drive.google.com/file/d/1uQr3BGx9LCIwMN82mw8SM_gJBx4lPqml/view?usp=sharing
OBH COMBI BATUK BERDAHAK RASA MENTHOL,"DUS' 1 BOTOL PLASTIK
@ 100 ML",SIRUP,DBL7204116137A1,COMBIPHAR,OBAT BATUK ANAK DAN DEWASA,1,"Lampiran 1. Daftar Sirup Obat yang Tidak Menggunakan Propilen Glikol, Polietilen Glikol, Sorbitol, dan/atau Gliserin/Gliserol Aman Digunakan Sepanjang Sesuai Aturan Pakai Lampiran 1. Daftar Sirup Obat yang Tidak Menggunakan Propilen Glikol, Polietilen Glikol, Sorbitol, dan/atau Gliserin/Gliserol Aman Digunakan Sepanjang Sesuai Aturan Pakai (Berdasarkan Data Registrasi BPOM)",https://drive.google.com/file/d/1uQr3BGx9LCIwMN82mw8SM_gJBx4lPqml/view?usp=sharing
OBH IKA,BOTOL @ 100 ML,SIRUP,DBL0709301337A1,IKAPHARMINDO PUTRAMAS,OBAT BATUK ANAK DAN DEWASA,1,"Lampiran 1. Daftar Sirup Obat yang Tidak Menggunakan Propilen Glikol, Polietilen Glikol, Sorbitol, dan/atau Gliserin/Gliserol Aman Digunakan Sepanjang Sesuai Aturan Pakai Lampiran 1. Daftar Sirup Obat yang Tidak Menggunakan Propilen Glikol, Polietilen Glikol, Sorbitol, dan/atau Gliserin/Gliserol Aman Digunakan Sepanjang Sesuai Aturan Pakai (Berdasarkan Data Registrasi BPOM)",https://drive.google.com/file/d/1uQr3BGx9LCIwMN82mw8SM_gJBx4lPqml/view?usp=sharing
OBH IKA,BOTOL @ 200 ML,SIRUP,DBL0709301337A1,IKAPHARMINDO PUTRAMAS,OBAT BATUK ANAK DAN DEWASA,1,"Lampiran 1. Daftar Sirup Obat yang Tidak Menggunakan Propilen Glikol, Polietilen Glikol, Sorbitol, dan/atau Gliserin/Gliserol Aman Digunakan Sepanjang Sesuai Aturan Pakai Lampiran 1. Daftar Sirup Obat yang Tidak Menggunakan Propilen Glikol, Polietilen Glikol, Sorbitol, dan/atau Gliserin/Gliserol Aman Digunakan Sepanjang Sesuai Aturan Pakai (Berdasarkan Data Registrasi BPOM)",https://drive.google.com/file/d/1uQr3BGx9LCIwMN82mw8SM_gJBx4lPqml/view?usp=sharing
OBH NUSANTARA,"DUS, 1 BOTOL PLASTIK
@ 100 ML",SIRUP,DBL9503601837A1,CANDRA NUSANTARA JAYA,OBAT BATUK ANAK DAN DEWASA,1,"Lampiran 1. Daftar Sirup Obat yang Tidak Menggunakan Propilen Glikol, Polietilen Glikol, Sorbitol, dan/atau Gliserin/Gliserol Aman Digunakan Sepanjang Sesuai Aturan Pakai Lampiran 1. Daftar Sirup Obat yang Tidak Menggunakan Propilen Glikol, Polietilen Glikol, Sorbitol, dan/atau Gliserin/Gliserol Aman Digunakan Sepanjang Sesuai Aturan Pakai (Berdasarkan Data Registrasi BPOM)",https://drive.google.com/file/d/1uQr3BGx9LCIwMN82mw8SM_gJBx4lPqml/view?usp=sharing
OBH NUTRA,"DUS, BOTOL @ 100 ML",SIRUP,DTL0403604137A1,CANDRA NUSANTARA JAYA,OBAT BATUK ANAK DAN DEWASA,1,"Lampiran 1. Daftar Sirup Obat yang Tidak Menggunakan Propilen Glikol, Polietilen Glikol, Sorbitol, dan/atau Gliserin/Gliserol Aman Digunakan Sepanjang Sesuai Aturan Pakai Lampiran 1. Daftar Sirup Obat yang Tidak Menggunakan Propilen Glikol, Polietilen Glikol, Sorbitol, dan/atau Gliserin/Gliserol Aman Digunakan Sepanjang Sesuai Aturan Pakai (Berdasarkan Data Registrasi BPOM)",https://drive.google.com/file/d/1uQr3BGx9LCIwMN82mw8SM_gJBx4lPqml/view?usp=sharing
OBH SURYA,BOTOL @ 100 ML,SIRUP,DBL7610906137A1,ITRASAL,OBAT BATUK ANAK DAN DEWASA,1,"Lampiran 1. Daftar Sirup Obat yang Tidak Menggunakan Propilen Glikol, Polietilen Glikol, Sorbitol, dan/atau Gliserin/Gliserol Aman Digunakan Sepanjang Sesuai Aturan Pakai Lampiran 1. Daftar Sirup Obat yang Tidak Menggunakan Propilen Glikol, Polietilen Glikol, Sorbitol, dan/atau Gliserin/Gliserol Aman Digunakan Sepanjang Sesuai Aturan Pakai (Berdasarkan Data Registrasi BPOM)",https://drive.google.com/file/d/1uQr3BGx9LCIwMN82mw8SM_gJBx4lPqml/view?usp=sharing
OMEZIN,"DUS, 1 BOTOL @ 60 ML",SIRUP,DTL1916912637A1,MUT1ARA MUKTI FARMA,"OBAT BATUK ❑ISERTAI ALERG1ANAK
DAN DEWASA",1,"Lampiran 1. Daftar Sirup Obat yang Tidak Menggunakan Propilen Glikol, Polietilen Glikol, Sorbitol, dan/atau Gliserin/Gliserol Aman Digunakan Sepanjang Sesuai Aturan Pakai Lampiran 1. Daftar Sirup Obat yang Tidak Menggunakan Propilen Glikol, Polietilen Glikol, Sorbitol, dan/atau Gliserin/Gliserol Aman Digunakan Sepanjang Sesuai Aturan Pakai (Berdasarkan Data Registrasi BPOM)",https://drive.google.com/file/d/1uQr3BGx9LCIwMN82mw8SM_gJBx4lPqml/view?usp=sharing
ONDANE,"DUS, 1 BOTOL © 60 ML",SIRUP,DKL1408021937A1,GUARDIAN PHARMATAMA,❑BAT MUAL ANAK DAN DEWASA,1,"Lampiran 1. Daftar Sirup Obat yang Tidak Menggunakan Propilen Glikol, Polietilen Glikol, Sorbitol, dan/atau Gliserin/Gliserol Aman Digunakan Sepanjang Sesuai Aturan Pakai Lampiran 1. Daftar Sirup Obat yang Tidak Menggunakan Propilen Glikol, Polietilen Glikol, Sorbitol, dan/atau Gliserin/Gliserol Aman Digunakan Sepanjang Sesuai Aturan Pakai (Berdasarkan Data Registrasi BPOM)",https://drive.google.com/file/d/1uQr3BGx9LCIwMN82mw8SM_gJBx4lPqml/view?usp=sharing
OPILAX,"DUS, 1 BOTOL @ 120
ML",SIRUP,DBL0418818437A1,"OTTO PHARMACEUTICAL
INDUSTRIES",PENCAHAR ANAK,1,"Lampiran 1. Daftar Sirup Obat yang Tidak Menggunakan Propilen Glikol, Polietilen Glikol, Sorbitol, dan/atau Gliserin/Gliserol Aman Digunakan Sepanjang Sesuai Aturan Pakai Lampiran 1. Daftar Sirup Obat yang Tidak Menggunakan Propilen Glikol, Polietilen Glikol, Sorbitol, dan/atau Gliserin/Gliserol Aman Digunakan Sepanjang Sesuai Aturan Pakai (Berdasarkan Data Registrasi BPOM)",https://drive.google.com/file/d/1uQr3BGx9LCIwMN82mw8SM_gJBx4lPqml/view?usp=sharing
OPILAX,"DUS, 1 BOTOL © 60 ML",SIRUP,DBL0418818437A1,"OTTO PHARMACEUTICAL
INDUSTRIES",PENCAHAR ANAK,1,"Lampiran 1. Daftar Sirup Obat yang Tidak Menggunakan Propilen Glikol, Polietilen Glikol, Sorbitol, dan/atau Gliserin/Gliserol Aman Digunakan Sepanjang Sesuai Aturan Pakai Lampiran 1. Daftar Sirup Obat yang Tidak Menggunakan Propilen Glikol, Polietilen Glikol, Sorbitol, dan/atau Gliserin/Gliserol Aman Digunakan Sepanjang Sesuai Aturan Pakai (Berdasarkan Data Registrasi BPOM)",https://drive.google.com/file/d/1uQr3BGx9LCIwMN82mw8SM_gJBx4lPqml/view?usp=sharing
OXYNORM,"DUS, BOTOL © 250 ML",SIRUP,DNI1850100135A1,KIMIA FARMA TBK.,PEREDA NYERI DEWASA,1,"Lampiran 1. Daftar Sirup Obat yang Tidak Menggunakan Propilen Glikol, Polietilen Glikol, Sorbitol, dan/atau Gliserin/Gliserol Aman Digunakan Sepanjang Sesuai Aturan Pakai Lampiran 1. Daftar Sirup Obat yang Tidak Menggunakan Propilen Glikol, Polietilen Glikol, Sorbitol, dan/atau Gliserin/Gliserol Aman Digunakan Sepanjang Sesuai Aturan Pakai (Berdasarkan Data Registrasi BPOM)",https://drive.google.com/file/d/1uQr3BGx9LCIwMN82mw8SM_gJBx4lPqml/view?usp=sharing
PRALAX,"DUS, 1 BOTOL @ 100
ML",SIRUP,DBL9931520537A1,PRATAPA NIRMALA,PENCAHAR ANAK DAN DEWASA,1,"Lampiran 1. Daftar Sirup Obat yang Tidak Menggunakan Propilen Glikol, Polietilen Glikol, Sorbitol, dan/atau Gliserin/Gliserol Aman Digunakan Sepanjang Sesuai Aturan Pakai Lampiran 1. Daftar Sirup Obat yang Tidak Menggunakan Propilen Glikol, Polietilen Glikol, Sorbitol, dan/atau Gliserin/Gliserol Aman Digunakan Sepanjang Sesuai Aturan Pakai (Berdasarkan Data Registrasi BPOM)",https://drive.google.com/file/d/1uQr3BGx9LCIwMN82mw8SM_gJBx4lPqml/view?usp=sharing
PRIMPERAN,"DUS, 1 BOTOL © 50 ML",SIRUP,DKL8924208337A1,SOHO INDUSTRI PHARMASI,OBAT MUAL ANAK DAN DEWASA,1,"Lampiran 1. Daftar Sirup Obat yang Tidak Menggunakan Propilen Glikol, Polietilen Glikol, Sorbitol, dan/atau Gliserin/Gliserol Aman Digunakan Sepanjang Sesuai Aturan Pakai Lampiran 1. Daftar Sirup Obat yang Tidak Menggunakan Propilen Glikol, Polietilen Glikol, Sorbitol, dan/atau Gliserin/Gliserol Aman Digunakan Sepanjang Sesuai Aturan Pakai (Berdasarkan Data Registrasi BPOM)",https://drive.google.com/file/d/1uQr3BGx9LCIwMN82mw8SM_gJBx4lPqml/view?usp=sharing
PRIMPERAN PAEDIATRIC,BOTOL @ 10 ML,DROPS,DKL8924208236A1,SOHO INDUSTRI PHARMASI,OBAT MUAL ANAK,1,"Lampiran 1. Daftar Sirup Obat yang Tidak Menggunakan Propilen Glikol, Polietilen Glikol, Sorbitol, dan/atau Gliserin/Gliserol Aman Digunakan Sepanjang Sesuai Aturan Pakai Lampiran 1. Daftar Sirup Obat yang Tidak Menggunakan Propilen Glikol, Polietilen Glikol, Sorbitol, dan/atau Gliserin/Gliserol Aman Digunakan Sepanjang Sesuai Aturan Pakai (Berdasarkan Data Registrasi BPOM)",https://drive.google.com/file/d/1uQr3BGx9LCIwMN82mw8SM_gJBx4lPqml/view?usp=sharing
PROCATEROL HYDROCHLORIDE HEMIHYDRATE,"DUS, 1 BOTOL @ 60 ML",SIRUP,GKL1915630837A1,MEPROFARM,OBAT ASMA ANAK DAN DEWASA,1,"Lampiran 1. Daftar Sirup Obat yang Tidak Menggunakan Propilen Glikol, Polietilen Glikol, Sorbitol, dan/atau Gliserin/Gliserol Aman Digunakan Sepanjang Sesuai Aturan Pakai Lampiran 1. Daftar Sirup Obat yang Tidak Menggunakan Propilen Glikol, Polietilen Glikol, Sorbitol, dan/atau Gliserin/Gliserol Aman Digunakan Sepanjang Sesuai Aturan Pakai (Berdasarkan Data Registrasi BPOM)",https://drive.google.com/file/d/1uQr3BGx9LCIwMN82mw8SM_gJBx4lPqml/view?usp=sharing
PYRANTEL PAMOATE,BOTOL @ 60 ML,SUSPENSI,GTL9917106433A1,HOLI PHARMA,OBAT CACING ANAK DAN DEWASA,1,"Lampiran 1. Daftar Sirup Obat yang Tidak Menggunakan Propilen Glikol, Polietilen Glikol, Sorbitol, dan/atau Gliserin/Gliserol Aman Digunakan Sepanjang Sesuai Aturan Pakai Lampiran 1. Daftar Sirup Obat yang Tidak Menggunakan Propilen Glikol, Polietilen Glikol, Sorbitol, dan/atau Gliserin/Gliserol Aman Digunakan Sepanjang Sesuai Aturan Pakai (Berdasarkan Data Registrasi BPOM)",https://drive.google.com/file/d/1uQr3BGx9LCIwMN82mw8SM_gJBx4lPqml/view?usp=sharing
RHINATHIOL,"DUS, OL 1 B OT @ 100
ML",SIRUP,DKL1921208437A1,AVENTIS PHARMA,OBAT BATUK ANAK,1,"Lampiran 1. Daftar Sirup Obat yang Tidak Menggunakan Propilen Glikol, Polietilen Glikol, Sorbitol, dan/atau Gliserin/Gliserol Aman Digunakan Sepanjang Sesuai Aturan Pakai Lampiran 1. Daftar Sirup Obat yang Tidak Menggunakan Propilen Glikol, Polietilen Glikol, Sorbitol, dan/atau Gliserin/Gliserol Aman Digunakan Sepanjang Sesuai Aturan Pakai (Berdasarkan Data Registrasi BPOM)",https://drive.google.com/file/d/1uQr3BGx9LCIwMN82mw8SM_gJBx4lPqml/view?usp=sharing
RHINOS NEO,"DUS, 1 BOTOL @ 10 ML
+ DROPPER",DROPS,DTL0705042436A1,❑EXA MEDICA,OBAT FLU ANAK,1,"Lampiran 1. Daftar Sirup Obat yang Tidak Menggunakan Propilen Glikol, Polietilen Glikol, Sorbitol, dan/atau Gliserin/Gliserol Aman Digunakan Sepanjang Sesuai Aturan Pakai Lampiran 1. Daftar Sirup Obat yang Tidak Menggunakan Propilen Glikol, Polietilen Glikol, Sorbitol, dan/atau Gliserin/Gliserol Aman Digunakan Sepanjang Sesuai Aturan Pakai (Berdasarkan Data Registrasi BPOM)",https://drive.google.com/file/d/1uQr3BGx9LCIwMN82mw8SM_gJBx4lPqml/view?usp=sharing
RISPERDAL,"DUS, 1 BOTOL @ 30 ML",CAIRAN ORAL,DKI1155202235A1,SOHO INDUSTRI PHARMASI,ANTI PSIKOTIK ANAK DAN DEWASA,1,"Lampiran 1. Daftar Sirup Obat yang Tidak Menggunakan Propilen Glikol, Polietilen Glikol, Sorbitol, dan/atau Gliserin/Gliserol Aman Digunakan Sepanjang Sesuai Aturan Pakai Lampiran 1. Daftar Sirup Obat yang Tidak Menggunakan Propilen Glikol, Polietilen Glikol, Sorbitol, dan/atau Gliserin/Gliserol Aman Digunakan Sepanjang Sesuai Aturan Pakai (Berdasarkan Data Registrasi BPOM)",https://drive.google.com/file/d/1uQr3BGx9LCIwMN82mw8SM_gJBx4lPqml/view?usp=sharing
SALBRON EKSPEKTORAN,"DUS, 1 BOTOL PLASTIK
@ 100 ML",SIRUP,DKL9004406337A1,DANKOS FARMA,"OBAT ASMA DAN BATUK ANAK DAN
DEWASA",1,"Lampiran 1. Daftar Sirup Obat yang Tidak Menggunakan Propilen Glikol, Polietilen Glikol, Sorbitol, dan/atau Gliserin/Gliserol Aman Digunakan Sepanjang Sesuai Aturan Pakai Lampiran 1. Daftar Sirup Obat yang Tidak Menggunakan Propilen Glikol, Polietilen Glikol, Sorbitol, dan/atau Gliserin/Gliserol Aman Digunakan Sepanjang Sesuai Aturan Pakai (Berdasarkan Data Registrasi BPOM)",https://drive.google.com/file/d/1uQr3BGx9LCIwMN82mw8SM_gJBx4lPqml/view?usp=sharing
SALBUGEN,"DUS, 1 BOTOL © 60 ML",SIRUP,DKL1916710737A1,MULIA FARMA SUCI,OBAT ASMA ANAK DAN DEWASA,1,"Lampiran 1. Daftar Sirup Obat yang Tidak Menggunakan Propilen Glikol, Polietilen Glikol, Sorbitol, dan/atau Gliserin/Gliserol Aman Digunakan Sepanjang Sesuai Aturan Pakai Lampiran 1. Daftar Sirup Obat yang Tidak Menggunakan Propilen Glikol, Polietilen Glikol, Sorbitol, dan/atau Gliserin/Gliserol Aman Digunakan Sepanjang Sesuai Aturan Pakai (Berdasarkan Data Registrasi BPOM)",https://drive.google.com/file/d/1uQr3BGx9LCIwMN82mw8SM_gJBx4lPqml/view?usp=sharing
SALBUGEN EKSPEKTORAN,"DUS, 1 BOTOL @ 60 ML",SIRUP,DKL1916710937A1,MULIA FARMA SUCI,"OBAT ASMA DAN BATUK ANAK DAN
DEWASA",1,"Lampiran 1. Daftar Sirup Obat yang Tidak Menggunakan Propilen Glikol, Polietilen Glikol, Sorbitol, dan/atau Gliserin/Gliserol Aman Digunakan Sepanjang Sesuai Aturan Pakai Lampiran 1. Daftar Sirup Obat yang Tidak Menggunakan Propilen Glikol, Polietilen Glikol, Sorbitol, dan/atau Gliserin/Gliserol Aman Digunakan Sepanjang Sesuai Aturan Pakai (Berdasarkan Data Registrasi BPOM)",https://drive.google.com/file/d/1uQr3BGx9LCIwMN82mw8SM_gJBx4lPqml/view?usp=sharing
SALBUTAMOL SULFATE,"DUS, 1 BOTOL @ 60 ML",SIRUP,GKL1916710837A1,MULIA FARMA SUCI,OBAT ASMA ANAK DAN DEWASA,1,"Lampiran 1. Daftar Sirup Obat yang Tidak Menggunakan Propilen Glikol, Polietilen Glikol, Sorbitol, dan/atau Gliserin/Gliserol Aman Digunakan Sepanjang Sesuai Aturan Pakai Lampiran 1. Daftar Sirup Obat yang Tidak Menggunakan Propilen Glikol, Polietilen Glikol, Sorbitol, dan/atau Gliserin/Gliserol Aman Digunakan Sepanjang Sesuai Aturan Pakai (Berdasarkan Data Registrasi BPOM)",https://drive.google.com/file/d/1uQr3BGx9LCIwMN82mw8SM_gJBx4lPqml/view?usp=sharing
SALDEXTAMIN,"DUS, 1 BOTOL @ 60 ML",SIRUP,DTL1810906937A1,ITRASAL,ANTI ALERGI ANAK DAN DEWASA,1,"Lampiran 1. Daftar Sirup Obat yang Tidak Menggunakan Propilen Glikol, Polietilen Glikol, Sorbitol, dan/atau Gliserin/Gliserol Aman Digunakan Sepanjang Sesuai Aturan Pakai Lampiran 1. Daftar Sirup Obat yang Tidak Menggunakan Propilen Glikol, Polietilen Glikol, Sorbitol, dan/atau Gliserin/Gliserol Aman Digunakan Sepanjang Sesuai Aturan Pakai (Berdasarkan Data Registrasi BPOM)",https://drive.google.com/file/d/1uQr3BGx9LCIwMN82mw8SM_gJBx4lPqml/view?usp=sharing
SALTRIM FORTE,"DUS, 1 BOTOL 60 ML",SUSPENSI,DKL9910902933A1,ITRASAL,ANTIBIOTIKA ANAK DAN DEWASA,1,"Lampiran 1. Daftar Sirup Obat yang Tidak Menggunakan Propilen Glikol, Polietilen Glikol, Sorbitol, dan/atau Gliserin/Gliserol Aman Digunakan Sepanjang Sesuai Aturan Pakai Lampiran 1. Daftar Sirup Obat yang Tidak Menggunakan Propilen Glikol, Polietilen Glikol, Sorbitol, dan/atau Gliserin/Gliserol Aman Digunakan Sepanjang Sesuai Aturan Pakai (Berdasarkan Data Registrasi BPOM)",https://drive.google.com/file/d/1uQr3BGx9LCIwMN82mw8SM_gJBx4lPqml/view?usp=sharing
SOLAC,"DUS' 1 BOTOL @ 120
ML",SIRUP,DBL0524221237A1,SOHO INDUSTRI PHARMASI,PENCAHAR ANAK DAN DEWASA,1,"Lampiran 1. Daftar Sirup Obat yang Tidak Menggunakan Propilen Glikol, Polietilen Glikol, Sorbitol, dan/atau Gliserin/Gliserol Aman Digunakan Sepanjang Sesuai Aturan Pakai Lampiran 1. Daftar Sirup Obat yang Tidak Menggunakan Propilen Glikol, Polietilen Glikol, Sorbitol, dan/atau Gliserin/Gliserol Aman Digunakan Sepanjang Sesuai Aturan Pakai (Berdasarkan Data Registrasi BPOM)",https://drive.google.com/file/d/1uQr3BGx9LCIwMN82mw8SM_gJBx4lPqml/view?usp=sharing
STARLAX,"DUS, 1 BOTOL © 60 ML",SUSPENSI,DBL1809225137A1,"IFARS PHARMACEUTICAL
LABORATORIES",PENCAHAR ANAK DAN DEWASA,1,"Lampiran 1. Daftar Sirup Obat yang Tidak Menggunakan Propilen Glikol, Polietilen Glikol, Sorbitol, dan/atau Gliserin/Gliserol Aman Digunakan Sepanjang Sesuai Aturan Pakai Lampiran 1. Daftar Sirup Obat yang Tidak Menggunakan Propilen Glikol, Polietilen Glikol, Sorbitol, dan/atau Gliserin/Gliserol Aman Digunakan Sepanjang Sesuai Aturan Pakai (Berdasarkan Data Registrasi BPOM)",https://drive.google.com/file/d/1uQr3BGx9LCIwMN82mw8SM_gJBx4lPqml/view?usp=sharing
SUCRALFATE,"BOTOL PLM
STIK © 100 A
L",SUSPENSI,GKL1705055833A1,DEXA MEDICA,OBAT MAAG DEWASA,1,"Lampiran 1. Daftar Sirup Obat yang Tidak Menggunakan Propilen Glikol, Polietilen Glikol, Sorbitol, dan/atau Gliserin/Gliserol Aman Digunakan Sepanjang Sesuai Aturan Pakai Lampiran 1. Daftar Sirup Obat yang Tidak Menggunakan Propilen Glikol, Polietilen Glikol, Sorbitol, dan/atau Gliserin/Gliserol Aman Digunakan Sepanjang Sesuai Aturan Pakai (Berdasarkan Data Registrasi BPOM)",https://drive.google.com/file/d/1uQr3BGx9LCIwMN82mw8SM_gJBx4lPqml/view?usp=sharing
SUCRALFATE,"DUS, 1 BOTOL PLASTIK
© 100 ML",SUSPENSI,GKL1705055833A1,DEXA MEDICA,OBAT MAAG DEWASA,1,"Lampiran 1. Daftar Sirup Obat yang Tidak Menggunakan Propilen Glikol, Polietilen Glikol, Sorbitol, dan/atau Gliserin/Gliserol Aman Digunakan Sepanjang Sesuai Aturan Pakai Lampiran 1. Daftar Sirup Obat yang Tidak Menggunakan Propilen Glikol, Polietilen Glikol, Sorbitol, dan/atau Gliserin/Gliserol Aman Digunakan Sepanjang Sesuai Aturan Pakai (Berdasarkan Data Registrasi BPOM)",https://drive.google.com/file/d/1uQr3BGx9LCIwMN82mw8SM_gJBx4lPqml/view?usp=sharing
SUPRACHLOR,"DUS, 1 BOTOL © 60 ML",SUSPENSI,DKL7815602433A1,MEPROFARM,ANTIBIOTIKA ANAK DAN DEWASA,1,"Lampiran 1. Daftar Sirup Obat yang Tidak Menggunakan Propilen Glikol, Polietilen Glikol, Sorbitol, dan/atau Gliserin/Gliserol Aman Digunakan Sepanjang Sesuai Aturan Pakai Lampiran 1. Daftar Sirup Obat yang Tidak Menggunakan Propilen Glikol, Polietilen Glikol, Sorbitol, dan/atau Gliserin/Gliserol Aman Digunakan Sepanjang Sesuai Aturan Pakai (Berdasarkan Data Registrasi BPOM)",https://drive.google.com/file/d/1uQr3BGx9LCIwMN82mw8SM_gJBx4lPqml/view?usp=sharing
SUPRAMOX,"DUS, 1 BOTOL © 20 ML",DROPS,DKL8815607036A1,MEPROFARM,ANTIBIOTIKA ANAK,1,"Lampiran 1. Daftar Sirup Obat yang Tidak Menggunakan Propilen Glikol, Polietilen Glikol, Sorbitol, dan/atau Gliserin/Gliserol Aman Digunakan Sepanjang Sesuai Aturan Pakai Lampiran 1. Daftar Sirup Obat yang Tidak Menggunakan Propilen Glikol, Polietilen Glikol, Sorbitol, dan/atau Gliserin/Gliserol Aman Digunakan Sepanjang Sesuai Aturan Pakai (Berdasarkan Data Registrasi BPOM)",https://drive.google.com/file/d/1uQr3BGx9LCIwMN82mw8SM_gJBx4lPqml/view?usp=sharing
TRIMETA,"DUS, 1 BOTOL © 60 ML",SUSPENSI,DKL9516004837A1,"INTIJAYA META RATNA
PHARMINDO",ANTIBIOTIKA ANAK,1,"Lampiran 1. Daftar Sirup Obat yang Tidak Menggunakan Propilen Glikol, Polietilen Glikol, Sorbitol, dan/atau Gliserin/Gliserol Aman Digunakan Sepanjang Sesuai Aturan Pakai Lampiran 1. Daftar Sirup Obat yang Tidak Menggunakan Propilen Glikol, Polietilen Glikol, Sorbitol, dan/atau Gliserin/Gliserol Aman Digunakan Sepanjang Sesuai Aturan Pakai (Berdasarkan Data Registrasi BPOM)",https://drive.google.com/file/d/1uQr3BGx9LCIwMN82mw8SM_gJBx4lPqml/view?usp=sharing
ULSIDEX,"DUS, 1 BOTOL PLASTIK
 © 100 ML",SUSPENSI,DKL1705055933A1,DEXA MEDICA,❑BAT MAAG DEWASA,1,"Lampiran 1. Daftar Sirup Obat yang Tidak Menggunakan Propilen Glikol, Polietilen Glikol, Sorbitol, dan/atau Gliserin/Gliserol Aman Digunakan Sepanjang Sesuai Aturan Pakai Lampiran 1. Daftar Sirup Obat yang Tidak Menggunakan Propilen Glikol, Polietilen Glikol, Sorbitol, dan/atau Gliserin/Gliserol Aman Digunakan Sepanjang Sesuai Aturan Pakai (Berdasarkan Data Registrasi BPOM)",https://drive.google.com/file/d/1uQr3BGx9LCIwMN82mw8SM_gJBx4lPqml/view?usp=sharing
"usumastuti Lukito, M.C.P",,,,,,1,"Lampiran 1. Daftar Sirup Obat yang Tidak Menggunakan Propilen Glikol, Polietilen Glikol, Sorbitol, dan/atau Gliserin/Gliserol Aman Digunakan Sepanjang Sesuai Aturan Pakai Lampiran 1. Daftar Sirup Obat yang Tidak Menggunakan Propilen Glikol, Polietilen Glikol, Sorbitol, dan/atau Gliserin/Gliserol Aman Digunakan Sepanjang Sesuai Aturan Pakai (Berdasarkan Data Registrasi BPOM)",https://drive.google.com/file/d/1uQr3BGx9LCIwMN82mw8SM_gJBx4lPqml/view?usp=sharing
VALVED,"DUS, 1 BOTOL @ 60 ML",SIRUP,DTL9710703937A1,GLOBAL MULTI PHARMALAB,"OBAT FLU KARENA ALERGI ANAK DAN
DEWASA",1,"Lampiran 1. Daftar Sirup Obat yang Tidak Menggunakan Propilen Glikol, Polietilen Glikol, Sorbitol, dan/atau Gliserin/Gliserol Aman Digunakan Sepanjang Sesuai Aturan Pakai Lampiran 1. Daftar Sirup Obat yang Tidak Menggunakan Propilen Glikol, Polietilen Glikol, Sorbitol, dan/atau Gliserin/Gliserol Aman Digunakan Sepanjang Sesuai Aturan Pakai (Berdasarkan Data Registrasi BPOM)",https://drive.google.com/file/d/1uQr3BGx9LCIwMN82mw8SM_gJBx4lPqml/view?usp=sharing
VALVED DM,"DUS, 1 BOTOL @ 60 ML",SIRUP,DTL9710704637A1,GLOBAL MULTI PHARMALAB,"OBAT BATUK DAN FLU ANAK DAN
DEWASA",1,"Lampiran 1. Daftar Sirup Obat yang Tidak Menggunakan Propilen Glikol, Polietilen Glikol, Sorbitol, dan/atau Gliserin/Gliserol Aman Digunakan Sepanjang Sesuai Aturan Pakai Lampiran 1. Daftar Sirup Obat yang Tidak Menggunakan Propilen Glikol, Polietilen Glikol, Sorbitol, dan/atau Gliserin/Gliserol Aman Digunakan Sepanjang Sesuai Aturan Pakai (Berdasarkan Data Registrasi BPOM)",https://drive.google.com/file/d/1uQr3BGx9LCIwMN82mw8SM_gJBx4lPqml/view?usp=sharing
VENTOLIN,"DUS, 1 BOTOL PLASTIK
© 100 ML",SIRUP,DKL9232000537A1,GLAX0 WELLCOME INDONESIA,OBAT ASMA ANAK DAN DEWASA,1,"Lampiran 1. Daftar Sirup Obat yang Tidak Menggunakan Propilen Glikol, Polietilen Glikol, Sorbitol, dan/atau Gliserin/Gliserol Aman Digunakan Sepanjang Sesuai Aturan Pakai Lampiran 1. Daftar Sirup Obat yang Tidak Menggunakan Propilen Glikol, Polietilen Glikol, Sorbitol, dan/atau Gliserin/Gliserol Aman Digunakan Sepanjang Sesuai Aturan Pakai (Berdasarkan Data Registrasi BPOM)",https://drive.google.com/file/d/1uQr3BGx9LCIwMN82mw8SM_gJBx4lPqml/view?usp=sharing
VENTOLIN EXPECTORANT,"DUS, 1 BOTOL PLASTIK
© 100 ML",SIRUP,DKL0832005437A1,GLAXO WELLCOME INDONESIA,"OBAT ASMA DAN BATUK ANAK DAN
DEWASA",1,"Lampiran 1. Daftar Sirup Obat yang Tidak Menggunakan Propilen Glikol, Polietilen Glikol, Sorbitol, dan/atau Gliserin/Gliserol Aman Digunakan Sepanjang Sesuai Aturan Pakai Lampiran 1. Daftar Sirup Obat yang Tidak Menggunakan Propilen Glikol, Polietilen Glikol, Sorbitol, dan/atau Gliserin/Gliserol Aman Digunakan Sepanjang Sesuai Aturan Pakai (Berdasarkan Data Registrasi BPOM)",https://drive.google.com/file/d/1uQr3BGx9LCIwMN82mw8SM_gJBx4lPqml/view?usp=sharing
VERTIVOM,"DUS, 1 BOTOL @ 60 ML",SIRUP,DKL0710708637A1,GLOBAL MULTI PHARMALAB,"OBAT MUAL DAN MUNTAH ANAK ❑AN
DEWASA",1,"Lampiran 1. Daftar Sirup Obat yang Tidak Menggunakan Propilen Glikol, Polietilen Glikol, Sorbitol, dan/atau Gliserin/Gliserol Aman Digunakan Sepanjang Sesuai Aturan Pakai Lampiran 1. Daftar Sirup Obat yang Tidak Menggunakan Propilen Glikol, Polietilen Glikol, Sorbitol, dan/atau Gliserin/Gliserol Aman Digunakan Sepanjang Sesuai Aturan Pakai (Berdasarkan Data Registrasi BPOM)",https://drive.google.com/file/d/1uQr3BGx9LCIwMN82mw8SM_gJBx4lPqml/view?usp=sharing
VOSEA,"DUS, BOTOL @ 30 ML",SIRUP,DKL0331108237A1,GRAHA FARMA,OBAT MUAL ANAK DAN DEWASA,1,"Lampiran 1. Daftar Sirup Obat yang Tidak Menggunakan Propilen Glikol, Polietilen Glikol, Sorbitol, dan/atau Gliserin/Gliserol Aman Digunakan Sepanjang Sesuai Aturan Pakai Lampiran 1. Daftar Sirup Obat yang Tidak Menggunakan Propilen Glikol, Polietilen Glikol, Sorbitol, dan/atau Gliserin/Gliserol Aman Digunakan Sepanjang Sesuai Aturan Pakai (Berdasarkan Data Registrasi BPOM)",https://drive.google.com/file/d/1uQr3BGx9LCIwMN82mw8SM_gJBx4lPqml/view?usp=sharing
WINASAL,"DUS, 1 BOTOL @ 60 ML",SIRUP,DTL9910903437A1,ITRASAL,OBAT BATUK ANAK DAN DEWASA,1,"Lampiran 1. Daftar Sirup Obat yang Tidak Menggunakan Propilen Glikol, Polietilen Glikol, Sorbitol, dan/atau Gliserin/Gliserol Aman Digunakan Sepanjang Sesuai Aturan Pakai Lampiran 1. Daftar Sirup Obat yang Tidak Menggunakan Propilen Glikol, Polietilen Glikol, Sorbitol, dan/atau Gliserin/Gliserol Aman Digunakan Sepanjang Sesuai Aturan Pakai (Berdasarkan Data Registrasi BPOM)",https://drive.google.com/file/d/1uQr3BGx9LCIwMN82mw8SM_gJBx4lPqml/view?usp=sharing
YEKADRYL EXPECTORANT,"DUS, 1 BOTOL @ 100
ML",SIRUP,DTL8527503437A1,YEKATRIA FARMA,"OBAT BATUK DISERTAI ALERGI ANAK
DAN DEWASA",1,"Lampiran 1. Daftar Sirup Obat yang Tidak Menggunakan Propilen Glikol, Polietilen Glikol, Sorbitol, dan/atau Gliserin/Gliserol Aman Digunakan Sepanjang Sesuai Aturan Pakai Lampiran 1. Daftar Sirup Obat yang Tidak Menggunakan Propilen Glikol, Polietilen Glikol, Sorbitol, dan/atau Gliserin/Gliserol Aman Digunakan Sepanjang Sesuai Aturan Pakai (Berdasarkan Data Registrasi BPOM)",https://drive.google.com/file/d/1uQr3BGx9LCIwMN82mw8SM_gJBx4lPqml/view?usp=sharing
YEKADRYL EXTRA,"DUS, 1 BOTOL @ 55 ML",SIRUP,DTL9927507437A1,YEKATRIA FARMA,"OBAT BATUK ❑ISERTAI ALERGI ANAK
DAN DEWASA",1,"Lampiran 1. Daftar Sirup Obat yang Tidak Menggunakan Propilen Glikol, Polietilen Glikol, Sorbitol, dan/atau Gliserin/Gliserol Aman Digunakan Sepanjang Sesuai Aturan Pakai Lampiran 1. Daftar Sirup Obat yang Tidak Menggunakan Propilen Glikol, Polietilen Glikol, Sorbitol, dan/atau Gliserin/Gliserol Aman Digunakan Sepanjang Sesuai Aturan Pakai (Berdasarkan Data Registrasi BPOM)",https://drive.google.com/file/d/1uQr3BGx9LCIwMN82mw8SM_gJBx4lPqml/view?usp=sharing
YEKADRYL EXTRA,"DUS, 1 BOTOL @ 100
ML",SIRUP,DTL9927507437A1,YEKATRIA FARMA,"OBAT BATUK DISERTAI ALERG1ANAK
DAN DEWASA",1,"Lampiran 1. Daftar Sirup Obat yang Tidak Menggunakan Propilen Glikol, Polietilen Glikol, Sorbitol, dan/atau Gliserin/Gliserol Aman Digunakan Sepanjang Sesuai Aturan Pakai Lampiran 1. Daftar Sirup Obat yang Tidak Menggunakan Propilen Glikol, Polietilen Glikol, Sorbitol, dan/atau Gliserin/Gliserol Aman Digunakan Sepanjang Sesuai Aturan Pakai (Berdasarkan Data Registrasi BPOM)",https://drive.google.com/file/d/1uQr3BGx9LCIwMN82mw8SM_gJBx4lPqml/view?usp=sharing
ZENICOLD,"DUS, 1 BOTOL PLASTIK
© 60 ML",SIRUP,DTL1427914437A1,PABRIK PHARMASI ZENITH,OBAT FLU ANAK DAN DEWASA,1,"Lampiran 1. Daftar Sirup Obat yang Tidak Menggunakan Propilen Glikol, Polietilen Glikol, Sorbitol, dan/atau Gliserin/Gliserol Aman Digunakan Sepanjang Sesuai Aturan Pakai Lampiran 1. Daftar Sirup Obat yang Tidak Menggunakan Propilen Glikol, Polietilen Glikol, Sorbitol, dan/atau Gliserin/Gliserol Aman Digunakan Sepanjang Sesuai Aturan Pakai (Berdasarkan Data Registrasi BPOM)",https://drive.google.com/file/d/1uQr3BGx9LCIwMN82mw8SM_gJBx4lPqml/view?usp=sharing
ZENIREX,"DUS, BOTOL @ 60 ML",SIRUP,DTL7827909637A1,PABRIK PHARMASI ZENITH,"OBAT BATUK DISERTAI ALERGI ANAK
DAN DEWASA",1,"Lampiran 1. Daftar Sirup Obat yang Tidak Menggunakan Propilen Glikol, Polietilen Glikol, Sorbitol, dan/atau Gliserin/Gliserol Aman Digunakan Sepanjang Sesuai Aturan Pakai Lampiran 1. Daftar Sirup Obat yang Tidak Menggunakan Propilen Glikol, Polietilen Glikol, Sorbitol, dan/atau Gliserin/Gliserol Aman Digunakan Sepanjang Sesuai Aturan Pakai (Berdasarkan Data Registrasi BPOM)",https://drive.google.com/file/d/1uQr3BGx9LCIwMN82mw8SM_gJBx4lPqml/view?usp=sharing
ZENTRIS,DUS' 1 BOTOL PLASTIK  60 ML,SIRUP,DKL2034014337A1,NOVAPHARIN,OBAT ALERGI ANAK DAN DEWASA,1,"Lampiran 1. Daftar Sirup Obat yang Tidak Menggunakan Propilen Glikol, Polietilen Glikol, Sorbitol, dan/atau Gliserin/Gliserol Aman Digunakan Sepanjang Sesuai Aturan Pakai Lampiran 1. Daftar Sirup Obat yang Tidak Menggunakan Propilen Glikol, Polietilen Glikol, Sorbitol, dan/atau Gliserin/Gliserol Aman Digunakan Sepanjang Sesuai Aturan Pakai (Berdasarkan Data Registrasi BPOM)",https://drive.google.com/file/d/1uQr3BGx9LCIwMN82mw8SM_gJBx4lPqml/view?usp=sharing
ZINC SULFATE MONOHYDRATE,BOTOL © 60 ML,SIRUP,GTL1802357937A1,BERNOFARM,OBAT DIARE ANAK,1,"Lampiran 1. Daftar Sirup Obat yang Tidak Menggunakan Propilen Glikol, Polietilen Glikol, Sorbitol, dan/atau Gliserin/Gliserol Aman Digunakan Sepanjang Sesuai Aturan Pakai Lampiran 1. Daftar Sirup Obat yang Tidak Menggunakan Propilen Glikol, Polietilen Glikol, Sorbitol, dan/atau Gliserin/Gliserol Aman Digunakan Sepanjang Sesuai Aturan Pakai (Berdasarkan Data Registrasi BPOM)",https://drive.google.com/file/d/1uQr3BGx9LCIwMN82mw8SM_gJBx4lPqml/view?usp=sharing
ZINFION,"DUS, 1 BOTOL © 60 ML",SIRUP,DTL1840811737A1,INFION,OBAT DIARE ANAK,1,"Lampiran 1. Daftar Sirup Obat yang Tidak Menggunakan Propilen Glikol, Polietilen Glikol, Sorbitol, dan/atau Gliserin/Gliserol Aman Digunakan Sepanjang Sesuai Aturan Pakai Lampiran 1. Daftar Sirup Obat yang Tidak Menggunakan Propilen Glikol, Polietilen Glikol, Sorbitol, dan/atau Gliserin/Gliserol Aman Digunakan Sepanjang Sesuai Aturan Pakai (Berdasarkan Data Registrasi BPOM)",https://drive.google.com/file/d/1uQr3BGx9LCIwMN82mw8SM_gJBx4lPqml/view?usp=sharing
